revenue,carry_rate,ebitda,taxes,senior_interest,senior_principal,mezzanine_interest,mezzanine_principal,lp_preferred_return,sponsor_catch_up,sponsor_carry,lp_residual,lp_distribution,sponsor_distribution,total_equity_distribution,unpaid_debt_service
90,0.1,18,0.24999999999999956,12.600000000000001,5.149999999999999,0.0,0.0,0.0,0.0,0.0,0.0,0.0,0.0,0.0,4.4
90,0.15,18,0.24999999999999956,12.600000000000001,5.149999999999999,0.0,0.0,0.0,0.0,0.0,0.0,0.0,0.0,0.0,4.4
90,0.2,18,0.24999999999999956,12.600000000000001,5.149999999999999,0.0,0.0,0.0,0.0,0.0,0.0,0.0,0.0,0.0,4.4
90,0.25,18,0.24999999999999956,12.600000000000001,5.149999999999999,0.0,0.0,0.0,0.0,0.0,0.0,0.0,0.0,0.0,4.4
90,0.3,18,0.24999999999999956,12.600000000000001,5.149999999999999,0.0,0.0,0.0,0.0,0.0,0.0,0.0,0.0,0.0,4.4
105,0.1,33,3.9999999999999996,12.600000000000001,16.4,0.0,0.0,0.0,0.0,0.0,0.0,0.0,0.0,0.0,4.4
105,0.15,33,3.9999999999999996,12.600000000000001,16.4,0.0,0.0,0.0,0.0,0.0,0.0,0.0,0.0,0.0,4.4
105,0.2,33,3.9999999999999996,12.600000000000001,16.4,0.0,0.0,0.0,0.0,0.0,0.0,0.0,0.0,0.0,4.4
105,0.25,33,3.9999999999999996,12.600000000000001,16.4,0.0,0.0,0.0,0.0,0.0,0.0,0.0,0.0,0.0,4.4
105,0.3,33,3.9999999999999996,12.600000000000001,16.4,0.0,0.0,0.0,0.0,0.0,0.0,0.0,0.0,0.0,4.4
120,0.1,48,7.75,12.600000000000001,20.0,4.4,3.2499999999999982,0.0,0.0,0.0,0.0,0.0,0.0,0.0,0.0
120,0.15,48,7.75,12.600000000000001,20.0,4.4,3.2499999999999982,0.0,0.0,0.0,0.0,0.0,0.0,0.0,0.0
120,0.2,48,7.75,12.600000000000001,20.0,4.4,3.2499999999999982,0.0,0.0,0.0,0.0,0.0,0.0,0.0,0.0
120,0.25,48,7.75,12.600000000000001,20.0,4.4,3.2499999999999982,0.0,0.0,0.0,0.0,0.0,0.0,0.0,0.0
120,0.3,48,7.75,12.600000000000001,20.0,4.4,3.2499999999999982,0.0,0.0,0.0,0.0,0.0,0.0,0.0,0.0
135,0.1,63,11.5,12.600000000000001,20.0,4.4,5.0,8.0,0.888888888888889,0.06111111111111093,0.5499999999999984,8.549999999999999,0.9499999999999998,9.499999999999998,0.0
135,0.15,63,11.5,12.600000000000001,20.0,4.4,5.0,8.0,1.411764705882353,0.013235294117646778,0.07499999999999842,8.075,1.4249999999999998,9.5,0.0
135,0.2,63,11.5,12.600000000000001,20.0,4.4,5.0,8.0,1.4999999999999982,0.0,0.0,8.0,1.4999999999999982,9.499999999999998,0.0
135,0.25,63,11.5,12.600000000000001,20.0,4.4,5.0,8.0,1.4999999999999982,0.0,0.0,8.0,1.4999999999999982,9.499999999999998,0.0
135,0.3,63,11.5,12.600000000000001,20.0,4.4,5.0,8.0,1.4999999999999982,0.0,0.0,8.0,1.4999999999999982,9.499999999999998,0.0
150,0.1,78,15.250000000000002,12.600000000000001,20.0,4.4,5.0,8.0,0.888888888888889,1.1861111111111111,10.675,18.675,2.075,20.75,0.0
150,0.15,78,15.250000000000002,12.600000000000001,20.0,4.4,5.0,8.0,1.411764705882353,1.700735294117647,9.6375,17.6375,3.1125,20.75,0.0
150,0.2,78,15.250000000000002,12.600000000000001,20.0,4.4,5.0,8.0,2.0,2.15,8.6,16.6,4.15,20.75,0.0
150,0.25,78,15.250000000000002,12.600000000000001,20.0,4.4,5.0,8.0,2.6666666666666665,2.5208333333333335,7.5625,15.5625,5.1875,20.75,0.0
150,0.3,78,15.250000000000002,12.600000000000001,20.0,4.4,5.0,8.0,3.428571428571429,2.7964285714285713,6.5249999999999995,14.524999999999999,6.225,20.75,0.0
