credit_growth,rate,ending_asset_price,peak_asset_price,drawdown_from_peak,ending_leverage,tightening_periods
0.02,0.02,125.06955843576789,125.06955843576789,0.0,2.919129440672823,0
0.02,0.04,125.06955843576789,125.06955843576789,0.0,2.919129440672823,0
0.02,0.06,11.002209629744831,83.2,-0.8677619034886439,0.9434329958973052,12
0.02,0.08,11.002209629744831,83.2,-0.8677619034886439,0.9434329958973052,12
0.02,0.1,11.002209629744831,83.2,-0.8677619034886439,0.9434329958973052,12
0.05,0.02,174.16639970535715,174.16639970535715,0.0,3.6696169455544765,0
0.05,0.04,34.732289951724276,125.85490144545693,-0.7240291037311997,1.6615245311454518,7
0.05,0.06,11.002209629744831,83.2,-0.8677619034886439,0.9434329958973052,12
0.05,0.08,11.002209629744831,83.2,-0.8677619034886439,0.9434329958973052,12
0.05,0.1,11.002209629744831,83.2,-0.8677619034886439,0.9434329958973052,12
0.08,0.02,144.01121779943423,208.04135337612422,-0.30777599999999994,3.5282491774460167,2
0.08,0.04,23.753449015782827,124.34168311012563,-0.808966322301226,1.4014109856688437,9
0.08,0.06,11.002209629744831,83.2,-0.8677619034886439,0.9434329958973052,12
0.08,0.08,11.002209629744831,83.2,-0.8677619034886439,0.9434329958973052,12
0.08,0.1,11.002209629744831,83.2,-0.8677619034886439,0.9434329958973052,12
0.12,0.02,63.360636357701175,191.02032193373418,-0.6683042112153843,2.4101168558743455,6
0.12,0.04,19.69041828993558,123.8858426536678,-0.84105998015462,1.289694182697621,10
0.12,0.06,11.002209629744831,83.2,-0.8677619034886439,0.9434329958973052,12
0.12,0.08,11.002209629744831,83.2,-0.8677619034886439,0.9434329958973052,12
0.12,0.1,11.002209629744831,83.2,-0.8677619034886439,0.9434329958973052,12
0.16,0.02,56.028940866792155,203.02481755981634,-0.7240291037311999,2.3222117758110845,7
0.16,0.04,21.05523342886462,132.4728249647104,-0.84105998015462,1.3526560084974781,10
0.16,0.06,11.002209629744831,83.2,-0.8677619034886439,0.9434329958973052,12
0.16,0.08,11.002209629744831,83.2,-0.8677619034886439,0.9434329958973052,12
0.16,0.1,11.002209629744831,83.2,-0.8677619034886439,0.9434329958973052,12
