scenario,assets,debt_ratio,debt,equity,ebit,interest_expense,pre_tax_income,taxes,net_income,roe
Optimistic,100,0.0,0.0,100.0,16.0,0.0,16.0,4.0,12.0,0.12
Optimistic,100,0.25,25.0,75.0,16.0,1.25,14.75,3.6875,11.0625,0.1475
Optimistic,100,0.5,50.0,50.0,16.0,2.5,13.5,3.375,10.125,0.2025
Optimistic,100,0.75,75.0,25.0,16.0,3.75,12.25,3.0625,9.1875,0.3675
Base,100,0.0,0.0,100.0,10.0,0.0,10.0,2.5,7.5,0.075
Base,100,0.25,25.0,75.0,10.0,1.5,8.5,2.125,6.375,0.085
Base,100,0.5,50.0,50.0,10.0,3.0,7.0,1.75,5.25,0.105
Base,100,0.75,75.0,25.0,10.0,4.5,5.5,1.375,4.125,0.165
Pessimistic,100,0.0,0.0,100.0,3.0,0.0,3.0,0.75,2.25,0.0225
Pessimistic,100,0.25,25.0,75.0,3.0,1.7500000000000002,1.2499999999999998,0.31249999999999994,0.9374999999999998,0.012499999999999997
Pessimistic,100,0.5,50.0,50.0,3.0,3.5000000000000004,-0.5000000000000004,0.0,-0.5000000000000004,-0.010000000000000009
Pessimistic,100,0.75,75.0,25.0,3.0,5.250000000000001,-2.250000000000001,0.0,-2.250000000000001,-0.09000000000000004
Stress,100,0.0,0.0,100.0,-8.0,0.0,-8.0,0.0,-8.0,-0.08
Stress,100,0.25,25.0,75.0,-8.0,2.25,-10.25,0.0,-10.25,-0.13666666666666666
Stress,100,0.5,50.0,50.0,-8.0,4.5,-12.5,0.0,-12.5,-0.25
Stress,100,0.75,75.0,25.0,-8.0,6.75,-14.75,0.0,-14.75,-0.59
