equity_weight,equity_return,equity_contribution,bond_contribution,cash_contribution,portfolio_return,risk_asset_weight
0.2,-0.25,-0.05,0.027999999999999997,0.002,-0.020000000000000004,0.2
0.2,-0.15,-0.03,0.027999999999999997,0.002,-1.734723475976807e-18,0.2
0.2,-0.05,-0.010000000000000002,0.027999999999999997,0.002,0.019999999999999997,0.2
0.2,0.05,0.010000000000000002,0.027999999999999997,0.002,0.04,0.2
0.2,0.15,0.03,0.027999999999999997,0.002,0.06,0.2
0.35,-0.25,-0.0875,0.022000000000000002,0.002,-0.06349999999999999,0.35
0.35,-0.15,-0.0525,0.022000000000000002,0.002,-0.028499999999999998,0.35
0.35,-0.05,-0.017499999999999998,0.022000000000000002,0.002,0.006500000000000004,0.35
0.35,0.05,0.017499999999999998,0.022000000000000002,0.002,0.0415,0.35
0.35,0.15,0.0525,0.022000000000000002,0.002,0.0765,0.35
0.5,-0.25,-0.125,0.016,0.002,-0.107,0.5
0.5,-0.15,-0.075,0.016,0.002,-0.056999999999999995,0.5
0.5,-0.05,-0.025,0.016,0.002,-0.007000000000000001,0.5
0.5,0.05,0.025,0.016,0.002,0.043000000000000003,0.5
0.5,0.15,0.075,0.016,0.002,0.093,0.5
0.65,-0.25,-0.1625,0.01,0.002,-0.1505,0.65
0.65,-0.15,-0.0975,0.01,0.002,-0.0855,0.65
0.65,-0.05,-0.0325,0.01,0.002,-0.020499999999999997,0.65
0.65,0.05,0.0325,0.01,0.002,0.044500000000000005,0.65
0.65,0.15,0.0975,0.01,0.002,0.1095,0.65
0.8,-0.25,-0.2,0.003999999999999999,0.002,-0.194,0.8
0.8,-0.15,-0.12,0.003999999999999999,0.002,-0.11399999999999999,0.8
0.8,-0.05,-0.04000000000000001,0.003999999999999999,0.002,-0.03400000000000001,0.8
0.8,0.05,0.04000000000000001,0.003999999999999999,0.002,0.046000000000000006,0.8
0.8,0.15,0.12,0.003999999999999999,0.002,0.126,0.8
