initial_shock,leverage,final_price,price_decline,final_equity,forced_sales,rounds,default_flag
0.02,2,0.98,0.020000000000000018,48.0,0.0,0,0
0.02,3,0.98,0.020000000000000018,31.333333333333343,0.0,0,0
0.02,4,0.049218196121986156,0.9507818038780138,-5.191364709148964,100.0,3,1
0.02,5,0.0316666666666667,0.9683333333333333,-7.469387755102034,100.0,2,1
0.02,6,0.09193751574703948,0.9080624842529605,-16.728647014361293,100.0,2,1
0.05,2,0.95,0.050000000000000044,45.0,0.0,0,0
0.05,3,0.95,0.050000000000000044,28.333333333333343,0.0,0,0
0.05,4,0.059178208679593815,0.9408217913204062,-8.188365650969539,100.0,3,1
0.05,5,0.07631578947368424,0.9236842105263158,-14.473684210526319,100.0,2,1
0.05,6,0.10542560103963612,0.8945743989603638,-19.99025341130604,100.0,2,1
0.08,2,0.92,0.07999999999999996,42.0,0.0,0,0
0.08,3,0.92,0.07999999999999996,25.333333333333343,0.0,0,0
0.08,4,0.03000000000000003,0.97,-6.65217391304347,100.0,2,1
0.08,5,0.10144927536231883,0.8985507246376812,-18.608695652173907,100.0,2,1
0.08,6,0.07740203972088039,0.9225979602791197,-20.138486312399355,100.0,2,1
0.12,2,0.88,0.12,38.0,0.0,0,0
0.12,3,0.12720852335784952,0.8727914766421505,-10.20730591850537,100.0,4,1
0.12,4,0.08484848484848483,0.9151515151515152,-15.36363636363636,100.0,2,1
0.12,5,0.06868686868686867,0.9313131313131313,-19.151515151515152,100.0,2,1
0.12,6,0.03155555555555557,0.9684444444444444,-13.066666666666679,100.0,2,1
0.16,2,0.84,0.16000000000000003,34.0,0.0,0,0
0.16,3,0.029042915931804757,0.9709570840681953,-3.33827160493839,100.0,3,1
0.16,4,0.08571428571428569,0.9142857142857144,-18.42857142857143,100.0,2,1
0.16,5,0.03133333333333336,0.9686666666666667,-11.2,100.0,2,1
0.16,6,0.04022222222222225,0.9597777777777777,-1.86666666666668,100.0,2,1
0.2,2,0.8,0.19999999999999996,30.0,0.0,0,0
0.2,3,0.04938271604938246,0.9506172839506175,-10.370370370370338,100.0,2,1
0.2,4,0.026666666666666693,0.9733333333333333,-14.0,100.0,2,1
0.2,5,0.040000000000000036,0.96,0.0,100.0,1,1
0.2,6,0.040000000000000036,0.96,-3.3333333333333286,100.0,1,1
