wealth_return,mpc,ending_wealth,wealth_change,consumption_change,ending_consumption,consumption_change_pct
-0.3,0.02,350.0,-150.0,-3.0,77.0,-0.0375
-0.3,0.03,350.0,-150.0,-4.5,75.5,-0.05625
-0.3,0.04,350.0,-150.0,-6.0,74.0,-0.075
-0.3,0.05,350.0,-150.0,-7.5,72.5,-0.09375
-0.3,0.06,350.0,-150.0,-9.0,71.0,-0.1125
-0.2,0.02,400.0,-100.0,-2.0,78.0,-0.025
-0.2,0.03,400.0,-100.0,-3.0,77.0,-0.0375
-0.2,0.04,400.0,-100.0,-4.0,76.0,-0.05
-0.2,0.05,400.0,-100.0,-5.0,75.0,-0.0625
-0.2,0.06,400.0,-100.0,-6.0,74.0,-0.075
-0.1,0.02,450.0,-50.0,-1.0,79.0,-0.0125
-0.1,0.03,450.0,-50.0,-1.5,78.5,-0.01875
-0.1,0.04,450.0,-50.0,-2.0,78.0,-0.025
-0.1,0.05,450.0,-50.0,-2.5,77.5,-0.03125
-0.1,0.06,450.0,-50.0,-3.0,77.0,-0.0375
0.0,0.02,500.0,0.0,0.0,80.0,0.0
0.0,0.03,500.0,0.0,0.0,80.0,0.0
0.0,0.04,500.0,0.0,0.0,80.0,0.0
0.0,0.05,500.0,0.0,0.0,80.0,0.0
0.0,0.06,500.0,0.0,0.0,80.0,0.0
0.1,0.02,550.0,50.0,1.0,81.0,0.0125
0.1,0.03,550.0,50.0,1.5,81.5,0.01875
0.1,0.04,550.0,50.0,2.0,82.0,0.025
0.1,0.05,550.0,50.0,2.5,82.5,0.03125
0.1,0.06,550.0,50.0,3.0,83.0,0.0375
0.2,0.02,600.0,100.0,2.0,82.0,0.025
0.2,0.03,600.0,100.0,3.0,83.0,0.0375
0.2,0.04,600.0,100.0,4.0,84.0,0.05
0.2,0.05,600.0,100.0,5.0,85.0,0.0625
0.2,0.06,600.0,100.0,6.0,86.0,0.075
0.3,0.02,650.0,150.0,3.0,83.0,0.0375
0.3,0.03,650.0,150.0,4.5,84.5,0.05625
0.3,0.04,650.0,150.0,6.0,86.0,0.075
0.3,0.05,650.0,150.0,7.5,87.5,0.09375
0.3,0.06,650.0,150.0,9.0,89.0,0.1125
