purchase_price,pre_tax_synergies,acquirer_net_income,target_net_income,after_tax_synergies,after_tax_interest,pro_forma_net_income,pro_forma_shares,pro_forma_eps,accretion_dilution_pct,funding_check
300,0,250.0,24.0,0.0,8.1,265.9,103.0,2.581553398058252,0.032621359223300894,0.0
300,10,250.0,24.0,7.5,8.1,273.4,103.0,2.654368932038835,0.06174757281553389,0.0
300,20,250.0,24.0,15.0,8.1,280.9,103.0,2.727184466019417,0.09087378640776689,0.0
300,30,250.0,24.0,22.5,8.1,288.4,103.0,2.8,0.11999999999999988,0.0
300,40,250.0,24.0,30.0,8.1,295.9,103.0,2.872815533980582,0.14912621359223288,0.0
300,50,250.0,24.0,37.5,8.1,303.4,103.0,2.945631067961165,0.17825242718446588,0.0
350,0,250.0,24.0,0.0,9.45,264.55,103.5,2.5560386473429952,0.022415458937198096,0.0
350,10,250.0,24.0,7.5,9.45,272.05,103.5,2.628502415458937,0.051400966183574814,0.0
350,20,250.0,24.0,15.0,9.45,279.55,103.5,2.7009661835748795,0.08038647342995175,0.0
350,30,250.0,24.0,22.5,9.45,287.05,103.5,2.7734299516908214,0.10937198067632847,0.0
350,40,250.0,24.0,30.0,9.45,294.55,103.5,2.8458937198067633,0.1383574879227054,0.0
350,50,250.0,24.0,37.5,9.45,302.05,103.5,2.918357487922705,0.16734299516908213,0.0
400,0,250.0,24.0,0.0,10.799999999999999,263.2,104.0,2.5307692307692307,0.012307692307692353,0.0
400,10,250.0,24.0,7.5,10.799999999999999,270.7,104.0,2.6028846153846152,0.041153846153846096,0.0
400,20,250.0,24.0,15.0,10.799999999999999,278.2,104.0,2.675,0.06999999999999984,0.0
400,30,250.0,24.0,22.5,10.799999999999999,285.7,104.0,2.7471153846153844,0.0988461538461538,0.0
400,40,250.0,24.0,30.0,10.799999999999999,293.2,104.0,2.819230769230769,0.12769230769230755,0.0
400,50,250.0,24.0,37.5,10.799999999999999,300.7,104.0,2.8913461538461536,0.15653846153846152,0.0
450,0,250.0,24.0,0.0,12.149999999999999,261.85,104.5,2.5057416267942587,0.0022966507177035744,0.0
450,10,250.0,24.0,7.5,12.149999999999999,269.35,104.5,2.577511961722488,0.031004784688995368,0.0
450,20,250.0,24.0,15.0,12.149999999999999,276.85,104.5,2.649282296650718,0.05971291866028716,0.0
450,30,250.0,24.0,22.5,12.149999999999999,284.35,104.5,2.7210526315789476,0.08842105263157896,0.0
450,40,250.0,24.0,30.0,12.149999999999999,291.85,104.5,2.792822966507177,0.11712918660287075,0.0
450,50,250.0,24.0,37.5,12.149999999999999,299.35,104.5,2.864593301435407,0.14583732057416277,0.0
500,0,250.0,24.0,0.0,13.5,260.5,105.0,2.480952380952381,-0.007619047619047636,0.0
500,10,250.0,24.0,7.5,13.5,268.0,105.0,2.552380952380952,0.020952380952380834,0.0
500,20,250.0,24.0,15.0,13.5,275.5,105.0,2.623809523809524,0.049523809523809526,0.0
500,30,250.0,24.0,22.5,13.5,283.0,105.0,2.6952380952380954,0.07809523809523822,0.0
500,40,250.0,24.0,30.0,13.5,290.5,105.0,2.7666666666666666,0.10666666666666669,0.0
500,50,250.0,24.0,37.5,13.5,298.0,105.0,2.8380952380952382,0.13523809523809538,0.0
550,0,250.0,24.0,0.0,14.850000000000001,259.15,105.5,2.4563981042654026,-0.017440758293838954,0.0
550,10,250.0,24.0,7.5,14.850000000000001,266.65,105.5,2.5274881516587677,0.01099526066350709,0.0
550,20,250.0,24.0,15.0,14.850000000000001,274.15,105.5,2.5985781990521324,0.03943127962085291,0.0
550,30,250.0,24.0,22.5,14.850000000000001,281.65,105.5,2.6696682464454975,0.06786729857819895,0.0
550,40,250.0,24.0,30.0,14.850000000000001,289.15,105.5,2.740758293838862,0.09630331753554477,0.0
550,50,250.0,24.0,37.5,14.850000000000001,296.65,105.5,2.8118483412322273,0.12473933649289082,0.0
