years,annual_rate,future_value,principal_future_value,contribution_future_value,total_contributed,compound_growth,effective_annual_rate
5,0.02,21558.681918390423,11050.78926530822,10507.892653082205,20000,1558.6819183904227,0.020184355681501787
5,0.04,23259.795636527284,12209.965939421214,11049.829697106072,20000,3259.795636527284,0.040741542919790596
5,0.06,25116.839943803323,13488.501525493075,11628.33841831025,20000,5116.839943803323,0.06167781186449828
5,0.08,27144.599790556174,14898.45708301605,12246.142707540124,20000,7144.599790556174,0.08299950680750978
5,0.1,29359.268043357566,16453.089347785855,12906.178695571709,20000,9359.268043357566,0.10471306744129683
10,0.02,34331.937724876545,12211.99433862514,22119.943386251405,30000,4331.937724876545,0.020184355681501787
10,0.04,39449.96094509572,14908.32682418262,24541.6341209131,30000,9449.960945095721,0.040741542919790596
10,0.06,45507.1918080659,18193.9673403229,27313.224467743003,30000,15507.191808065902,0.06167781186449828
10,0.08,52687.40820906487,22196.40234544711,30491.005863617767,30000,22687.408209064874,0.08299950680750978
10,0.1,61211.244725867306,27070.414908622435,34140.82981724487,30000,31211.244725867306,0.10471306744129683
15,0.02,48447.393539811805,13495.217594528345,34952.17594528346,40000,8447.393539811805,0.020184355681501787
15,0.04,59218.09764221767,18203.016273702946,41015.08136851472,40000,19218.097642217668,0.040741542919790596
15,0.06,73010.72103071054,24540.935622471665,48469.78540823888,40000,33010.72103071054,0.06167781186449828
15,0.08,90742.25170935018,33069.21477410005,57673.03693525013,40000,50742.25170935018,0.08299950680750978
15,0.1,113617.58655195974,44539.19551731992,69078.39103463983,40000,73617.58655195974,0.10471306744129683
20,0.02,64046.08629927372,14913.280572661248,49132.80572661247,50000,14046.086299273717,0.020184355681501787
20,0.04,83354.92521798583,22225.820869664305,61129.104348321525,50000,33354.92521798583,0.040741542919790596
20,0.06,110108.86061831909,33102.044758073636,77006.81586024545,50000,60108.860618319086,0.06167781186449828
20,0.08,147438.09697833945,49268.02770809699,98170.06927024247,50000,97438.09697833945,0.08299950680750978
20,0.1,199842.20899749035,73280.73633249679,126561.47266499358,50000,149842.20899749035,0.10471306744129683
25,0.02,81283.87294918398,16480.352086289455,64803.520862894526,60000,21283.872949183977,0.020184355681501787
25,0.04,112825.90947656702,27137.65157942784,85688.25789713918,60000,52825.909476567016,0.040741542919790596
25,0.06,160148.6918603604,44649.69812162163,115498.99373873878,60000,100148.69186036041,0.06167781186449828
25,0.08,231906.158730875,73401.75963739285,158504.39909348215,60000,171906.158730875,0.08299950680750978
25,0.1,341708.350705032,120569.45023501066,221138.90047002133,60000,281708.350705032,0.10471306744129683
30,0.02,100332.98771603417,18212.089792366743,82120.89792366742,70000,30332.98771603417,0.020184355681501787
30,0.04,148809.88087641652,33134.98014606942,115674.9007303471,70000,78809.88087641652,0.040741542919790596
30,0.06,227644.92586472942,60225.75212262986,167419.17374209955,70000,157644.92586472942,0.06167781186449828
30,0.08,357750.53802144504,109357.29657755572,248393.2414438893,70000,287750.53802144504,0.08299950680750978
30,0.1,575121.9811990152,198373.99373300507,376747.9874660101,70000,505121.98119901516,0.10471306744129683
