risk_aversion_shock,safe_market_depth,flow_to_safe,safe_asset_return,risky_asset_return,new_safe_weight,spread_move
0.0,500,0.0,0.0,0.0,0.3,0.0
0.0,750,0.0,0.0,0.0,0.3,0.0
0.0,1000,0.0,0.0,0.0,0.3,0.0
0.0,1500,0.0,0.0,0.0,0.3,0.0
0.0,2000,0.0,0.0,0.0,0.3,0.0
0.05,500,4.0,0.008,-0.005333333333333333,0.34,0.013333333333333332
0.05,750,4.0,0.005333333333333333,-0.005333333333333333,0.34,0.010666666666666666
0.05,1000,4.0,0.004,-0.005333333333333333,0.34,0.009333333333333332
0.05,1500,4.0,0.0026666666666666666,-0.005333333333333333,0.34,0.008
0.05,2000,4.0,0.002,-0.005333333333333333,0.34,0.007333333333333333
0.1,500,8.0,0.016,-0.010666666666666666,0.38,0.026666666666666665
0.1,750,8.0,0.010666666666666666,-0.010666666666666666,0.38,0.021333333333333333
0.1,1000,8.0,0.008,-0.010666666666666666,0.38,0.018666666666666665
0.1,1500,8.0,0.005333333333333333,-0.010666666666666666,0.38,0.016
0.1,2000,8.0,0.004,-0.010666666666666666,0.38,0.014666666666666666
0.15,500,12.0,0.024,-0.016,0.42,0.04
0.15,750,12.0,0.016,-0.016,0.42,0.032
0.15,1000,12.0,0.012,-0.016,0.42,0.028
0.15,1500,12.0,0.008,-0.016,0.42,0.024
0.15,2000,12.0,0.006,-0.016,0.42,0.022
0.2,500,16.0,0.032,-0.021333333333333333,0.46,0.05333333333333333
0.2,750,16.0,0.021333333333333333,-0.021333333333333333,0.46,0.042666666666666665
0.2,1000,16.0,0.016,-0.021333333333333333,0.46,0.03733333333333333
0.2,1500,16.0,0.010666666666666666,-0.021333333333333333,0.46,0.032
0.2,2000,16.0,0.008,-0.021333333333333333,0.46,0.029333333333333333
0.25,500,20.0,0.04,-0.02666666666666667,0.5,0.06666666666666667
0.25,750,20.0,0.02666666666666667,-0.02666666666666667,0.5,0.05333333333333334
0.25,1000,20.0,0.02,-0.02666666666666667,0.5,0.04666666666666667
0.25,1500,20.0,0.013333333333333334,-0.02666666666666667,0.5,0.04
0.25,2000,20.0,0.01,-0.02666666666666667,0.5,0.03666666666666667
