maturity_years,yield_shift,initial_price,new_yield,shocked_price,price_change,price_change_pct
2,-0.02,1000.0000000000003,0.030000000000000002,1038.5438464755177,38.5438464755174,0.03854384647551745
2,-0.01,1000.0000000000003,0.04,1019.0386434933715,19.038643493371183,0.019038643493371143
2,0.0,1000.0000000000003,0.05,1000.0000000000003,0.0,0.0
2,0.01,1000.0000000000003,0.060000000000000005,981.4145079859481,-18.585492014052193,-0.01858549201405224
2,0.02,1000.0000000000003,0.07,963.2692079138781,-36.73079208612228,-0.03673079208612229
5,-0.02,1000.0000000000008,0.030000000000000002,1092.2218455185453,92.22184551854446,0.0922218455185444
5,-0.01,1000.0000000000008,0.04,1044.912925031211,44.91292503121019,0.04491292503121014
5,0.0,1000.0000000000008,0.05,1000.0000000000008,0.0,0.0
5,0.01,1000.0000000000008,0.060000000000000005,957.3489858161207,-42.65101418388008,-0.042651014183880065
5,0.02,1000.0000000000008,0.07,916.8339467742212,-83.16605322577959,-0.08316605322577952
10,-0.02,1000.0000000000016,0.030000000000000002,1171.6863878508211,171.68638785081953,0.17168638785081924
10,-0.01,1000.0000000000016,0.04,1081.7571667229854,81.75716672298381,0.08175716672298372
10,0.0,1000.0000000000016,0.05,1000.0000000000016,0.0,0.0
10,0.01,1000.0000000000016,0.060000000000000005,925.6126256977221,-74.38737430227945,-0.07438737430227937
10,0.02,1000.0000000000016,0.07,857.8759669804781,-142.1240330195235,-0.14212403301952325
20,-0.02,1000.0000000000023,0.030000000000000002,1299.1584520417491,299.15845204174684,0.29915845204174607
20,-0.01,1000.0000000000023,0.04,1136.7773962036904,136.7773962036881,0.13677739620368778
20,0.0,1000.0000000000023,0.05,1000.0000000000023,0.0,0.0
20,0.01,1000.0000000000023,0.060000000000000005,884.4261401289673,-115.57385987103498,-0.11557385987103475
20,0.02,1000.0000000000023,0.07,786.4492766270262,-213.5507233729761,-0.21355072337297565
30,-0.02,1000.0000000000026,0.030000000000000002,1393.802688853435,393.8026888534324,0.3938026888534314
30,-0.01,1000.0000000000026,0.04,1173.8044333852317,173.80443338522912,0.17380443338522866
30,0.0,1000.0000000000026,0.05,1000.0000000000026,0.0,0.0
30,0.01,1000.0000000000026,0.060000000000000005,861.6221816694024,-138.37781833060023,-0.13837781833059992
30,0.02,1000.0000000000026,0.07,750.5526588175167,-249.44734118248596,-0.24944734118248535
