new_shares,return_on_proceeds,gross_proceeds,incremental_income,pro_forma_shares,existing_holder_ownership_pct,old_eps,new_eps,eps_dilution_pct,ownership_dilution_pct
0,0.0,0,0.0,100,1.0,1.0,1.0,0.0,0.0
0,0.02,0,0.0,100,1.0,1.0,1.0,0.0,0.0
0,0.04,0,0.0,100,1.0,1.0,1.0,0.0,0.0
0,0.06,0,0.0,100,1.0,1.0,1.0,0.0,0.0
0,0.08,0,0.0,100,1.0,1.0,1.0,0.0,0.0
10,0.0,200,0.0,110,0.9090909090909091,1.0,0.9090909090909091,-0.09090909090909094,-0.09090909090909094
10,0.02,200,4.0,110,0.9090909090909091,1.0,0.9454545454545454,-0.054545454545454564,-0.09090909090909094
10,0.04,200,8.0,110,0.9090909090909091,1.0,0.9818181818181818,-0.018181818181818188,-0.09090909090909094
10,0.06,200,12.0,110,0.9090909090909091,1.0,1.018181818181818,0.018181818181818077,-0.09090909090909094
10,0.08,200,16.0,110,0.9090909090909091,1.0,1.0545454545454545,0.05454545454545445,-0.09090909090909094
20,0.0,400,0.0,120,0.8333333333333334,1.0,0.8333333333333334,-0.16666666666666663,-0.16666666666666663
20,0.02,400,8.0,120,0.8333333333333334,1.0,0.9,-0.09999999999999998,-0.16666666666666663
20,0.04,400,16.0,120,0.8333333333333334,1.0,0.9666666666666667,-0.033333333333333326,-0.16666666666666663
20,0.06,400,24.0,120,0.8333333333333334,1.0,1.0333333333333334,0.03333333333333344,-0.16666666666666663
20,0.08,400,32.0,120,0.8333333333333334,1.0,1.1,0.10000000000000009,-0.16666666666666663
30,0.0,600,0.0,130,0.7692307692307693,1.0,0.7692307692307693,-0.23076923076923073,-0.23076923076923073
30,0.02,600,12.0,130,0.7692307692307693,1.0,0.8615384615384616,-0.1384615384615384,-0.23076923076923073
30,0.04,600,24.0,130,0.7692307692307693,1.0,0.9538461538461539,-0.0461538461538461,-0.23076923076923073
30,0.06,600,36.0,130,0.7692307692307693,1.0,1.0461538461538462,0.04615384615384621,-0.23076923076923073
30,0.08,600,48.0,130,0.7692307692307693,1.0,1.1384615384615384,0.1384615384615384,-0.23076923076923073
40,0.0,800,0.0,140,0.7142857142857143,1.0,0.7142857142857143,-0.2857142857142857,-0.2857142857142857
40,0.02,800,16.0,140,0.7142857142857143,1.0,0.8285714285714286,-0.17142857142857137,-0.2857142857142857
40,0.04,800,32.0,140,0.7142857142857143,1.0,0.9428571428571428,-0.05714285714285716,-0.2857142857142857
40,0.06,800,48.0,140,0.7142857142857143,1.0,1.0571428571428572,0.05714285714285716,-0.2857142857142857
40,0.08,800,64.0,140,0.7142857142857143,1.0,1.1714285714285715,0.17142857142857149,-0.2857142857142857
50,0.0,1000,0.0,150,0.6666666666666666,1.0,0.6666666666666666,-0.33333333333333337,-0.33333333333333337
50,0.02,1000,20.0,150,0.6666666666666666,1.0,0.8,-0.19999999999999996,-0.33333333333333337
50,0.04,1000,40.0,150,0.6666666666666666,1.0,0.9333333333333333,-0.06666666666666665,-0.33333333333333337
50,0.06,1000,60.0,150,0.6666666666666666,1.0,1.0666666666666667,0.06666666666666665,-0.33333333333333337
50,0.08,1000,80.0,150,0.6666666666666666,1.0,1.2,0.19999999999999996,-0.33333333333333337
