asset_price_shock,collateral_multiplier,shocked_net_worth,borrowing_capacity,external_finance_premium,investment,investment_change
-0.4,1.5,30.0,0.0,0.07200000000000001,20.0,0.0
-0.4,2.0,30.0,10.0,0.07200000000000001,23.5,3.5
-0.4,2.5,30.0,25.0,0.07200000000000001,28.75,8.75
-0.4,3.0,30.0,40.0,0.07200000000000001,34.0,14.0
-0.3,1.5,35.0,2.5,0.064,20.875,0.875
-0.3,2.0,35.0,20.0,0.064,27.0,7.0
-0.3,2.5,35.0,37.5,0.064,33.125,13.125
-0.3,3.0,35.0,55.0,0.064,39.25,19.25
-0.19999999999999998,1.5,40.0,10.0,0.055999999999999994,23.5,3.5
-0.19999999999999998,2.0,40.0,30.0,0.055999999999999994,30.5,10.5
-0.19999999999999998,2.5,40.0,50.0,0.055999999999999994,37.5,17.5
-0.19999999999999998,3.0,40.0,70.0,0.055999999999999994,44.5,24.5
-0.09999999999999998,1.5,45.0,17.5,0.048,26.125,6.125
-0.09999999999999998,2.0,45.0,40.0,0.048,34.0,14.0
-0.09999999999999998,2.5,45.0,62.5,0.048,41.875,21.875
-0.09999999999999998,3.0,45.0,85.0,0.048,49.75,29.75
5.551115123125783e-17,1.5,50.0,25.0,0.04,28.75,8.75
5.551115123125783e-17,2.0,50.0,50.0,0.04,37.5,17.5
5.551115123125783e-17,2.5,50.0,75.0,0.04,46.25,26.25
5.551115123125783e-17,3.0,50.0,100.0,0.04,55.0,35.0
0.10000000000000009,1.5,55.00000000000001,32.500000000000014,0.04,31.375000000000004,11.375000000000004
0.10000000000000009,2.0,55.00000000000001,60.000000000000014,0.04,41.0,21.0
0.10000000000000009,2.5,55.00000000000001,87.50000000000003,0.04,50.62500000000001,30.625000000000007
0.10000000000000009,3.0,55.00000000000001,115.00000000000003,0.04,60.25000000000001,40.25000000000001
0.2,1.5,60.0,40.0,0.04,34.0,14.0
0.2,2.0,60.0,70.0,0.04,44.5,24.5
0.2,2.5,60.0,100.0,0.04,55.0,35.0
0.2,3.0,60.0,130.0,0.04,65.5,45.5
