asset_return,procyclicality,ending_collateral,ending_debt,ending_leverage,ending_haircut,debt_capacity_change
-0.15,0.2,27.249052503906245,21.67719337923437,4.890477647442483,0.28,-50.380682197187504
-0.15,0.4,27.249052503906245,20.77463378542187,4.208725707855529,0.31,-51.19815377230469
-0.15,0.6,27.249052503906245,19.87207419160937,3.693795935184478,0.33999999999999997,-52.015625347421874
-0.15,0.8,27.249052503906245,18.96951459779687,3.2911320429850903,0.37,-52.83309692253907
-0.15,1.0,27.249052503906245,18.066955003984372,2.9676283119557483,0.4,-53.65056849765625
-0.1,0.2,43.04672100000001,33.42210052626954,4.4725629563775655,0.27,-38.57589366999999
-0.1,0.4,43.04672100000001,32.506858405761726,4.084182370985737,0.29000000000000004,-39.43682808999999
-0.1,0.6,43.04672100000001,31.59161628525391,3.7578635963568425,0.31,-40.29776251
-0.1,0.8,43.04672100000001,30.676374164746097,3.479831372013138,0.33,-41.15869692999999
-0.1,1.0,43.04672100000001,29.76113204423829,3.2401063395335155,0.35,-42.01963134999999
-0.05,0.2,66.34204312890623,50.52360756632811,4.193969932516746,0.26,-20.906888084609392
-0.05,0.4,66.34204312890623,49.84106912796874,4.020492555478062,0.27,-21.570308515898454
-0.05,0.6,66.34204312890623,49.158530689609364,3.860796409539009,0.28,-22.233728947187515
-0.05,0.8,66.34204312890623,48.475992251249984,3.7133020376582127,0.29000000000000004,-22.897149378476584
-0.05,1.0,66.34204312890623,47.79345381289061,3.5766624619600464,0.3,-23.560569809765646
0.0,0.2,100.0,74.9988740623047,3.999819858081894,0.25,5.0
0.0,0.4,100.0,74.9988740623047,3.999819858081894,0.25,5.0
0.0,0.6,100.0,74.9988740623047,3.999819858081894,0.25,5.0
0.0,0.8,100.0,74.9988740623047,3.999819858081894,0.25,5.0
0.0,1.0,100.0,74.9988740623047,3.999819858081894,0.25,5.0
0.05,0.2,147.74554437890632,109.47852511585941,3.8609107065095847,0.24,42.2866137279688
0.05,0.4,147.74554437890632,110.91882461570317,4.0119116046423455,0.22999999999999998,43.76406917175787
0.05,0.6,147.74554437890632,112.35912411554693,4.1752045920250485,0.22,45.241524615546936
0.05,0.8,147.74554437890632,113.79942361539068,4.35235429132448,0.21,46.71898005933599
0.05,1.0,147.74554437890632,115.23972311523443,4.545202632490475,0.2,48.19643550312506
0.1,0.2,214.3588810000002,157.35294210718374,3.760290334013118,0.22999999999999998,95.05633837000016
0.1,0.4,214.3588810000002,161.43962208067592,4.050678058942427,0.21,99.34351599000016
0.1,0.6,214.3588810000002,165.52630205416813,4.3896694712310715,0.19,103.63069361000018
0.1,0.8,214.3588810000002,169.6129820276603,4.790581615814853,0.16999999999999998,107.91787123000017
0.1,1.0,214.3588810000002,173.6996620011525,5.272085551030264,0.15,112.20504885000017
0.15,0.2,305.902286253906,222.94476117882797,3.687456755454782,0.22,168.6037832780467
0.15,0.4,305.902286253906,231.51895341156234,4.11251115760394,0.19,177.7808518656639
0.15,0.6,305.902286253906,240.09314564429673,4.648325193434282,0.16,186.95792045328108
0.15,0.8,305.902286253906,248.66733787703106,5.3446765469173,0.13,196.13498904089823
0.15,1.0,305.902286253906,257.24153010976545,6.286426897021017,0.1,205.31205762851545
