nominal_rate,expected_inflation,real_rate,approximate_real_rate,approximation_error,gross_real_growth
0.02,0.0,0.020000000000000018,0.02,-1.734723475976807e-17,1.02
0.02,0.02,0.0,0.0,0.0,1.0
0.02,0.04,-0.019230769230769273,-0.02,-0.000769230769230727,0.9807692307692307
0.02,0.06,-0.037735849056603765,-0.039999999999999994,-0.0022641509433962287,0.9622641509433962
0.02,0.08,-0.05555555555555558,-0.06,-0.0044444444444444176,0.9444444444444444
0.02,0.1,-0.07272727272727275,-0.08,-0.00727272727272725,0.9272727272727272
0.04,0.0,0.040000000000000036,0.04,-3.469446951953614e-17,1.04
0.04,0.02,0.019607843137254832,0.02,0.0003921568627451681,1.0196078431372548
0.04,0.04,0.0,0.0,0.0,1.0
0.04,0.06,-0.018867924528301883,-0.019999999999999997,-0.0011320754716981143,0.9811320754716981
0.04,0.08,-0.03703703703703709,-0.04,-0.0029629629629629103,0.9629629629629629
0.04,0.1,-0.054545454545454564,-0.060000000000000005,-0.005454545454545441,0.9454545454545454
0.06,0.0,0.06000000000000005,0.06,-5.551115123125783e-17,1.06
0.06,0.02,0.03921568627450989,0.039999999999999994,0.0007843137254901072,1.0392156862745099
0.06,0.04,0.019230769230769162,0.019999999999999997,0.0007692307692308345,1.0192307692307692
0.06,0.06,0.0,0.0,0.0,1.0
0.06,0.08,-0.01851851851851849,-0.020000000000000004,-0.0014814814814815142,0.9814814814814815
0.06,0.1,-0.036363636363636376,-0.04000000000000001,-0.003636363636363632,0.9636363636363636
0.08,0.0,0.08000000000000007,0.08,-6.938893903907228e-17,1.08
0.08,0.02,0.05882352941176472,0.06,0.0011764705882352788,1.0588235294117647
0.08,0.04,0.03846153846153855,0.04,0.001538461538461454,1.0384615384615385
0.08,0.06,0.018867924528301883,0.020000000000000004,0.0011320754716981213,1.0188679245283019
0.08,0.08,0.0,0.0,0.0,1.0
0.08,0.1,-0.018181818181818188,-0.020000000000000004,-0.001818181818181816,0.9818181818181818
0.1,0.0,0.10000000000000009,0.1,-8.326672684688674e-17,1.1
0.1,0.02,0.07843137254901977,0.08,0.0015686274509802284,1.0784313725490198
0.1,0.04,0.05769230769230771,0.060000000000000005,0.0023076923076922953,1.0576923076923077
0.1,0.06,0.037735849056603765,0.04000000000000001,0.0022641509433962426,1.0377358490566038
0.1,0.08,0.0185185185185186,0.020000000000000004,0.0014814814814814031,1.0185185185185186
0.1,0.1,0.0,0.0,0.0,1.0
0.12,0.0,0.1200000000000001,0.12,-1.1102230246251565e-16,1.12
0.12,0.02,0.0980392156862746,0.09999999999999999,0.001960784313725386,1.0980392156862746
0.12,0.04,0.0769230769230771,0.07999999999999999,0.003076923076922894,1.076923076923077
0.12,0.06,0.05660377358490565,0.06,0.00339622641509435,1.0566037735849056
0.12,0.08,0.03703703703703698,0.039999999999999994,0.0029629629629630144,1.037037037037037
0.12,0.1,0.0181818181818183,0.01999999999999999,0.0018181818181816911,1.0181818181818183
