coupon_rate,maturity_years,initial_price,macaulay_duration,modified_duration,convexity,estimated_change_pct,exact_change_pct,approximation_error_pct,shocked_price
0.02,2,943.5703868798533,1.969482629215179,1.921446467527004,4.662447147162967,-0.018981342317911893,-0.018983591669607613,2.249351695720464e-06,925.6580319437925
0.02,5,868.7190410354367,4.763068513030829,4.64689611027398,24.53451573007528,-0.045242235316236036,-0.04526561052936484,2.337521312880536e-05,829.3959432644833
0.02,10,766.162565715299,8.95032494743257,8.732024338958606,86.20359395320605,-0.08301006369192576,-0.08315736865181766,0.00014730495989190295,702.4505027908895
0.02,20,623.4583742186848,15.422419150438811,15.046262585793963,275.4866267311248,-0.1366882945213834,-0.13754537150981472,0.0008570769884313212,537.7045605158706
0.02,30,536.3701527241386,19.440640214974582,18.96647825851179,483.99442557813506,-0.1654650613062111,-0.1675735042116604,0.002108442905449287,446.4887266776112
0.035,2,971.7851934399268,1.9481451732166188,1.9006294372845063,4.594887980479544,-0.018776549973821086,-0.018778762630102475,2.212656281388309e-06,953.5362699648703
0.035,5,934.3595205177187,4.61449842715297,4.501949685027288,23.505900136861424,-0.043844201843429804,-0.043866472249039945,2.2270405610140542e-05,893.372464540302
0.035,10,883.0812828576502,8.40627577852188,8.201244661972567,79.08371565279062,-0.07805826083708613,-0.07819180403178683,0.00013354319470069986,814.0315642443059
0.035,20,811.7291871093435,13.847234361685283,13.509496938229546,235.99766497718733,-0.1232950861334361,-0.12401160188091731,0.0007165157474812167,711.0653503224189
0.035,30,768.1850763620708,17.097484979890446,16.680473151112633,398.136601199381,-0.14689790145115728,-0.14857047565809656,0.0016725742069392813,654.0554541735067
0.05,2,1000.0000000000003,1.9280117816050262,1.8809871040049038,4.531141151434786,-0.0185833139824773,-0.01858549201405224,2.1780315749390933e-06,981.4145079859481
0.05,5,1000.0000000000008,4.485432764622605,4.376031965485469,22.612322185130584,-0.04262970354559816,-0.042651014183880065,2.1310638281903105e-05,957.3489858161207
0.05,10,1000.0000000000016,7.989445671393991,7.794581142823406,73.62873142656362,-0.07426437485690589,-0.07438737430227937,0.00012299944537348673,925.6126256977221
0.05,20,1000.0000000000023,12.865172214195008,12.55138752604391,211.3779410824937,-0.11494497820631443,-0.11557385987103475,0.0006288816647203183,884.4261401289673
0.05,30,1000.0000000000026,15.840686448592011,15.454328242528794,352.0850268247868,-0.13693903108404862,-0.13837781833059992,0.001438787246551304,861.6221816694024
0.065,2,1028.214806560074,1.9089833337193842,1.8624227646042775,4.470892821806377,-0.018400683004952456,-0.018402828312065078,2.1453071126220635e-06,1009.2927460070258
0.065,5,1065.640479482283,4.372267271307484,4.265626606153643,21.82882804935032,-0.04156482465906892,-0.04158529376800035,2.0469108931435442e-05,1021.3255070919394
0.065,10,1116.9187171423525,7.659882866073689,7.473056454706039,69.31579943381344,-0.07126477457536971,-0.07137943770446553,0.00011466312909581833,1037.1936871511384
0.065,20,1188.2708128906609,12.194307879209031,11.89688573581369,194.55976441173925,-0.10924086913754995,-0.10980988638248401,0.0005690172449340641,1057.7869299355154
0.065,30,1231.8149236379347,15.05692108156273,14.689679103963641,323.36631957527186,-0.13072847506087282,-0.1320214679591245,0.001292992898251688,1069.1889091652977
0.08,2,1056.4296131201477,1.890971298038709,1.8448500468670332,4.413862680962003,-0.01822780733462223,-0.018229921665262827,2.1143306405957407e-06,1037.1709840281035
0.08,5,1131.280958964565,4.272234213720535,4.168033379239547,21.136255501769064,-0.04062352101730701,-0.040643246253247445,1.9725235940432073e-05,1085.302028367758
0.08,10,1233.8374342847037,7.3927789541946,7.212467272384976,65.82025628290347,-0.06883365990970458,-0.06894156662499284,0.00010790671528826401,1148.7747486045546
0.08,20,1376.54162578132,11.706952958426886,11.421417520416474,182.34206146998577,-0.10509707213066545,-0.10562260037485705,0.0005255282441915948,1231.1477197420636
0.08,30,1463.6298472758665,14.52142683177817,14.16724568953968,303.7447552139228,-0.12648521913470068,-0.12767860054404256,0.001193381409341887,1276.7556366611932
