volatility_shock,price_impact,ending_asset_value,ending_equity,ending_haircut,forced_sales,rounds
0.02,0.05,98.0,23.0,0.20700000000000002,0.0,0
0.02,0.1,98.0,23.0,0.20700000000000002,0.0,0
0.02,0.2,98.0,23.0,0.20700000000000002,0.0,0
0.02,0.35,98.0,23.0,0.20700000000000002,0.0,0
0.02,0.5,98.0,23.0,0.20700000000000002,0.0,0
0.05,0.05,90.71927781209318,19.79615608629014,0.21821345369798448,4.076927959830304,8
0.05,0.1,88.29956082245357,19.39086916567757,0.2196319579201284,6.10285612192342,8
0.05,0.2,69.4126512232113,15.735441870535247,0.23242595345312678,23.034560636079636,8
0.05,0.35,0.0,-3.112406132863624,0.30556230248724203,71.88759386713637,7
0.05,0.5,0.0,-8.734399603910967,0.3334648006931558,66.26560039608904,5
0.1,0.05,55.47571001322559,13.355986191105977,0.24075404833112907,32.88034088550189,8
0.1,0.1,42.872226731640446,10.715656975603679,0.24999520058538716,42.85220619530084,8
0.1,0.2,0.6311097257717824,0.1051849542952994,0.2871318526599665,74.73885515381906,8
0.1,0.35,0.0,-5.639837784338793,0.31996619871418497,69.3601622156612,3
0.1,0.5,0.0,-4.904579768089498,0.3576669854058434,70.0954202319105,2
0.15,0.05,27.760288876939004,7.27429947033043,0.26203995185384354,54.51403078279926,8
0.15,0.1,12.306631999167736,3.3915119999243455,0.2756297080002648,66.0869167350297,8
0.15,0.2,0.0,-2.3182717268661897,0.30337720979119365,72.68172827313381,2
0.15,0.35,0.0,-5.888613861386133,0.33716144801980197,69.11138613861387,2
0.15,0.5,0.0,-12.698019801980195,0.36152846534653466,62.301980198019805,2
0.2,0.05,5.068677326600033,1.4318417774571435,0.2824885537789,71.36316993818033,8
0.2,0.1,0.0,-1.1481481481481488,0.29584814814814814,73.85185185185185,2
0.2,0.2,0.0,-7.296296296296298,0.3173925925925926,67.7037037037037,2
0.2,0.35,0.0,-13.518518518518519,0.3453148148148148,61.48148148148148,1
0.2,0.5,0.0,-13.518518518518519,0.3775925925925926,61.48148148148148,1
