source,dataset_or_document,url,date_accessed,relevant_metric,transformation,portfolio_use,used_in_committed_calculation
Federal Reserve Bank of St. Louis,FRED DGS10,https://fred.stlouisfed.org/series/DGS10,2026-08-20,10-year Treasury constant maturity rate,Optional downloader converts percentage points to decimals,Future interest-rate calibration,No
Federal Reserve Bank of St. Louis,FRED DFII10,https://fred.stlouisfed.org/series/DFII10,2026-08-20,10-year inflation-indexed Treasury yield,Optional downloader converts percentage points to decimals,Future Fisher-effect calibration,No
Federal Reserve Bank of St. Louis,FRED CPIAUCSL,https://fred.stlouisfed.org/series/CPIAUCSL,2026-08-20,Consumer Price Index,Optional downloader computes 12-month percent change,Future inflation scenarios,No
Federal Reserve,Financial Stability Report,https://www.federalreserve.gov/publications/financial-stability-report.htm,2026-08-20,Leverage funding risk and market liquidity,None; qualitative research context,Liquidity contagion and flight-to-safety documentation,No
Federal Reserve,Review of Silicon Valley Bank,https://www.federalreserve.gov/publications/review-of-the-federal-reserves-supervision-and-regulation-of-silicon-valley-bank.htm,2026-08-20,Interest-rate and liquidity risk findings,None; case-study context,Duration module documented example,No
National Bureau of Economic Research,Bernanke Gertler Gilchrist working paper,https://www.nber.org/papers/w6455,2026-08-20,Balance-sheet channel,None; conceptual research,Financial accelerator documentation,No
Federal Reserve,FEDS collateralized lending research,https://www.federalreserve.gov/econres/feds/files/2022052pap.pdf,2026-08-20,Leverage and collateral cycles,None; conceptual research,Leverage-cycle documentation,No
Federal Reserve,Distributional Financial Accounts,https://www.federalreserve.gov/releases/z1/dataviz/dfa/,2026-08-20,Household wealth distribution,None; future empirical extension,Wealth-effect context,No
Bank for International Settlements,Review of margining practices,https://www.bis.org/bcbs/publ/d537.htm,2026-08-20,Margin and liquidity demand,None; qualitative research context,Margin and liquidity spiral documentation,No
Bank for International Settlements,Financial cycle working paper,https://www.bis.org/publ/work395.htm,2026-08-20,Credit and financial-cycle indicators,None; conceptual research,Minsky and leverage-cycle documentation,No
International Monetary Fund,Global Financial Stability Report,https://www.imf.org/en/Publications/GFSR,2026-08-20,Global leverage and stability risks,None; qualitative research context,Minsky module documentation,No
SEC EDGAR,Amazon filings,https://www.sec.gov/edgar/browse/?CIK=1018724&owner=exclude,2026-08-20,Debt interest tax and share disclosures,None; no company values imported,Leverage tax-shield and dilution context,No
SEC EDGAR,Tesla filings,https://www.sec.gov/edgar/browse/?CIK=1318605&owner=exclude,2026-08-20,Share issuance disclosures,None; case-study context,Dilution documented example,No
SEC EDGAR,AMC Entertainment filings,https://www.sec.gov/edgar/browse/?CIK=1411579&owner=exclude,2026-08-20,Share issuance disclosures,None; case-study context,Dilution documented example,No
SEC EDGAR,Exxon Mobil filings,https://www.sec.gov/edgar/browse/?CIK=34088&owner=exclude,2026-08-20,Transaction filings,None; case-study context,M&A documented example,No
SEC EDGAR,Microsoft filings,https://www.sec.gov/edgar/browse/?CIK=789019&owner=exclude,2026-08-20,Transaction filings,None; case-study context,M&A documented example,No
Financial Crisis Inquiry Commission,Final report,https://www.govinfo.gov/app/details/GPO-FCIC,2026-08-20,Lehman and AIG crisis evidence,None; case-study context,Contagion documented example,No
Reserve Bank of India,Annual reports,https://www.rbi.org.in/Scripts/AnnualReportPublications.aspx,2026-08-20,Inflation interest rates and financial stability,None; qualitative research context,Fisher and banking context,No
