debt,tax_rate,interest,taxable_income,tax,net_income,tax_shield,levered_fcf_after_interest,unlevered_fcf,pv_perpetual_tax_shield
0,0.1,0.0,25.0,2.5,22.5,0.0,18.5,18.5,0.0
0,0.2,0.0,25.0,5.0,20.0,0.0,16.0,16.0,0.0
0,0.25,0.0,25.0,6.25,18.75,0.0,14.75,14.75,0.0
0,0.3,0.0,25.0,7.5,17.5,0.0,13.5,13.5,0.0
0,0.35,0.0,25.0,8.75,16.25,0.0,12.25,12.25,0.0
25,0.1,1.5,23.5,2.35,21.15,0.1499999999999999,17.15,18.5,2.5
25,0.2,1.5,23.5,4.7,18.8,0.2999999999999998,14.8,16.0,5.0
25,0.25,1.5,23.5,5.875,17.625,0.375,13.625,14.75,6.25
25,0.3,1.5,23.5,7.05,16.45,0.4500000000000002,12.45,13.5,7.5
25,0.35,1.5,23.5,8.225,15.275,0.5250000000000004,11.274999999999999,12.25,8.75
50,0.1,3.0,22.0,2.2,19.8,0.2999999999999998,15.8,18.5,5.0
50,0.2,3.0,22.0,4.4,17.6,0.5999999999999996,13.600000000000001,16.0,10.0
50,0.25,3.0,22.0,5.5,16.5,0.75,12.5,14.75,12.5
50,0.3,3.0,22.0,6.6,15.4,0.9000000000000004,11.399999999999999,13.5,15.0
50,0.35,3.0,22.0,7.699999999999999,14.3,1.0500000000000007,10.3,12.25,17.5
75,0.1,4.5,20.5,2.0500000000000003,18.45,0.44999999999999973,14.45,18.5,7.5
75,0.2,4.5,20.5,4.1000000000000005,16.4,0.8999999999999995,12.399999999999999,16.0,15.0
75,0.25,4.5,20.5,5.125,15.375,1.125,11.375,14.75,18.75
75,0.3,4.5,20.5,6.1499999999999995,14.350000000000001,1.3500000000000005,10.350000000000001,13.5,22.5
75,0.35,4.5,20.5,7.175,13.325,1.5750000000000002,9.325,12.25,26.25
100,0.1,6.0,19.0,1.9000000000000001,17.1,0.5999999999999999,13.100000000000001,18.5,10.0
100,0.2,6.0,19.0,3.8000000000000003,15.2,1.1999999999999997,11.2,16.0,20.0
100,0.25,6.0,19.0,4.75,14.25,1.5,10.25,14.75,25.0
100,0.3,6.0,19.0,5.7,13.3,1.7999999999999998,9.3,13.5,30.0
100,0.35,6.0,19.0,6.6499999999999995,12.350000000000001,2.1000000000000005,8.350000000000001,12.25,35.0
125,0.1,7.5,17.5,1.75,15.75,0.75,11.75,18.5,12.5
125,0.2,7.5,17.5,3.5,14.0,1.5,10.0,16.0,25.0
125,0.25,7.5,17.5,4.375,13.125,1.875,9.125,14.75,31.25
125,0.3,7.5,17.5,5.25,12.25,2.25,8.25,13.5,37.5
125,0.35,7.5,17.5,6.125,11.375,2.625,7.375,12.25,43.75
