recovery_rate,capital_multiplier,system_loss,defaults,capital_loss_pct,propagation_events
0.0,0.5,17.0,1,0.6296296296296297,4
0.0,0.75,17.0,1,0.41975308641975306,4
0.0,1.0,17.0,1,0.3148148148148148,4
0.0,1.25,17.0,1,0.2518518518518518,4
0.0,1.5,17.0,1,0.20987654320987653,4
0.2,0.5,15.8,1,0.5851851851851853,4
0.2,0.75,15.8,1,0.3901234567901235,4
0.2,1.0,15.8,1,0.2925925925925926,4
0.2,1.25,15.8,1,0.23407407407407407,4
0.2,1.5,15.8,1,0.19506172839506175,4
0.4,0.5,14.6,1,0.5407407407407407,4
0.4,0.75,14.6,1,0.36049382716049383,4
0.4,1.0,14.6,1,0.27037037037037037,4
0.4,1.25,14.6,1,0.2162962962962963,4
0.4,1.5,14.6,1,0.18024691358024691,4
0.6,0.5,13.4,1,0.4962962962962963,4
0.6,0.75,13.4,1,0.3308641975308642,4
0.6,1.0,13.4,1,0.24814814814814815,4
0.6,1.25,13.4,1,0.1985185185185185,4
0.6,1.5,13.4,1,0.1654320987654321,4
0.8,0.5,12.2,1,0.45185185185185184,4
0.8,0.75,12.2,1,0.30123456790123454,4
0.8,1.0,12.2,1,0.22592592592592592,4
0.8,1.25,12.2,1,0.18074074074074073,4
0.8,1.5,12.2,1,0.15061728395061727,4
