scenario_case_id,effect,scenario,field,value
0,leverage_effect,Optimistic,assets,100.0
1,leverage_effect,Optimistic,assets,100.0
2,leverage_effect,Optimistic,assets,100.0
3,leverage_effect,Optimistic,assets,100.0
4,leverage_effect,Base,assets,100.0
5,leverage_effect,Base,assets,100.0
6,leverage_effect,Base,assets,100.0
7,leverage_effect,Base,assets,100.0
8,leverage_effect,Pessimistic,assets,100.0
9,leverage_effect,Pessimistic,assets,100.0
10,leverage_effect,Pessimistic,assets,100.0
11,leverage_effect,Pessimistic,assets,100.0
12,leverage_effect,Stress,assets,100.0
13,leverage_effect,Stress,assets,100.0
14,leverage_effect,Stress,assets,100.0
15,leverage_effect,Stress,assets,100.0
0,leverage_effect,Optimistic,debt_ratio,0.0
1,leverage_effect,Optimistic,debt_ratio,0.25
2,leverage_effect,Optimistic,debt_ratio,0.5
3,leverage_effect,Optimistic,debt_ratio,0.75
4,leverage_effect,Base,debt_ratio,0.0
5,leverage_effect,Base,debt_ratio,0.25
6,leverage_effect,Base,debt_ratio,0.5
7,leverage_effect,Base,debt_ratio,0.75
8,leverage_effect,Pessimistic,debt_ratio,0.0
9,leverage_effect,Pessimistic,debt_ratio,0.25
10,leverage_effect,Pessimistic,debt_ratio,0.5
11,leverage_effect,Pessimistic,debt_ratio,0.75
12,leverage_effect,Stress,debt_ratio,0.0
13,leverage_effect,Stress,debt_ratio,0.25
14,leverage_effect,Stress,debt_ratio,0.5
15,leverage_effect,Stress,debt_ratio,0.75
0,leverage_effect,Optimistic,debt,0.0
1,leverage_effect,Optimistic,debt,25.0
2,leverage_effect,Optimistic,debt,50.0
3,leverage_effect,Optimistic,debt,75.0
4,leverage_effect,Base,debt,0.0
5,leverage_effect,Base,debt,25.0
6,leverage_effect,Base,debt,50.0
7,leverage_effect,Base,debt,75.0
8,leverage_effect,Pessimistic,debt,0.0
9,leverage_effect,Pessimistic,debt,25.0
10,leverage_effect,Pessimistic,debt,50.0
11,leverage_effect,Pessimistic,debt,75.0
12,leverage_effect,Stress,debt,0.0
13,leverage_effect,Stress,debt,25.0
14,leverage_effect,Stress,debt,50.0
15,leverage_effect,Stress,debt,75.0
24,margin_spiral,Optimistic,debt,65.0
25,margin_spiral,Base,debt,75.0
26,margin_spiral,Pessimistic,debt,78.0
27,margin_spiral,Stress,debt,80.0
40,tax_shield,Optimistic,debt,100.0
41,tax_shield,Base,debt,100.0
42,tax_shield,Pessimistic,debt,100.0
43,tax_shield,Stress,debt,100.0
0,leverage_effect,Optimistic,equity,100.0
1,leverage_effect,Optimistic,equity,75.0
2,leverage_effect,Optimistic,equity,50.0
3,leverage_effect,Optimistic,equity,25.0
4,leverage_effect,Base,equity,100.0
5,leverage_effect,Base,equity,75.0
6,leverage_effect,Base,equity,50.0
7,leverage_effect,Base,equity,25.0
8,leverage_effect,Pessimistic,equity,100.0
9,leverage_effect,Pessimistic,equity,75.0
10,leverage_effect,Pessimistic,equity,50.0
11,leverage_effect,Pessimistic,equity,25.0
12,leverage_effect,Stress,equity,100.0
13,leverage_effect,Stress,equity,75.0
14,leverage_effect,Stress,equity,50.0
15,leverage_effect,Stress,equity,25.0
0,leverage_effect,Optimistic,ebit,16.0
1,leverage_effect,Optimistic,ebit,16.0
2,leverage_effect,Optimistic,ebit,16.0
3,leverage_effect,Optimistic,ebit,16.0
4,leverage_effect,Base,ebit,10.0
5,leverage_effect,Base,ebit,10.0
6,leverage_effect,Base,ebit,10.0
7,leverage_effect,Base,ebit,10.0
8,leverage_effect,Pessimistic,ebit,3.0
9,leverage_effect,Pessimistic,ebit,3.0
10,leverage_effect,Pessimistic,ebit,3.0
11,leverage_effect,Pessimistic,ebit,3.0
12,leverage_effect,Stress,ebit,-8.0
13,leverage_effect,Stress,ebit,-8.0
14,leverage_effect,Stress,ebit,-8.0
15,leverage_effect,Stress,ebit,-8.0
40,tax_shield,Optimistic,ebit,35.0
41,tax_shield,Base,ebit,25.0
42,tax_shield,Pessimistic,ebit,15.0
43,tax_shield,Stress,ebit,5.0
0,leverage_effect,Optimistic,interest_expense,0.0
1,leverage_effect,Optimistic,interest_expense,1.25
2,leverage_effect,Optimistic,interest_expense,2.5
3,leverage_effect,Optimistic,interest_expense,3.75
4,leverage_effect,Base,interest_expense,0.0
5,leverage_effect,Base,interest_expense,1.5
6,leverage_effect,Base,interest_expense,3.0
7,leverage_effect,Base,interest_expense,4.5
8,leverage_effect,Pessimistic,interest_expense,0.0
9,leverage_effect,Pessimistic,interest_expense,1.7500000000000002
10,leverage_effect,Pessimistic,interest_expense,3.5000000000000004
11,leverage_effect,Pessimistic,interest_expense,5.250000000000001
12,leverage_effect,Stress,interest_expense,0.0
13,leverage_effect,Stress,interest_expense,2.25
14,leverage_effect,Stress,interest_expense,4.5
15,leverage_effect,Stress,interest_expense,6.75
0,leverage_effect,Optimistic,pre_tax_income,16.0
1,leverage_effect,Optimistic,pre_tax_income,14.75
2,leverage_effect,Optimistic,pre_tax_income,13.5
3,leverage_effect,Optimistic,pre_tax_income,12.25
4,leverage_effect,Base,pre_tax_income,10.0
5,leverage_effect,Base,pre_tax_income,8.5
6,leverage_effect,Base,pre_tax_income,7.0
7,leverage_effect,Base,pre_tax_income,5.5
8,leverage_effect,Pessimistic,pre_tax_income,3.0
9,leverage_effect,Pessimistic,pre_tax_income,1.2499999999999998
10,leverage_effect,Pessimistic,pre_tax_income,-0.5000000000000004
11,leverage_effect,Pessimistic,pre_tax_income,-2.250000000000001
12,leverage_effect,Stress,pre_tax_income,-8.0
13,leverage_effect,Stress,pre_tax_income,-10.25
14,leverage_effect,Stress,pre_tax_income,-12.5
15,leverage_effect,Stress,pre_tax_income,-14.75
0,leverage_effect,Optimistic,taxes,4.0
1,leverage_effect,Optimistic,taxes,3.6875
2,leverage_effect,Optimistic,taxes,3.375
3,leverage_effect,Optimistic,taxes,3.0625
4,leverage_effect,Base,taxes,2.5
5,leverage_effect,Base,taxes,2.125
6,leverage_effect,Base,taxes,1.75
7,leverage_effect,Base,taxes,1.375
8,leverage_effect,Pessimistic,taxes,0.75
9,leverage_effect,Pessimistic,taxes,0.31249999999999994
10,leverage_effect,Pessimistic,taxes,0.0
11,leverage_effect,Pessimistic,taxes,0.0
12,leverage_effect,Stress,taxes,0.0
13,leverage_effect,Stress,taxes,0.0
14,leverage_effect,Stress,taxes,0.0
15,leverage_effect,Stress,taxes,0.0
28,cash_flow_waterfall,Optimistic,taxes,22.55
29,cash_flow_waterfall,Base,taxes,16.5
30,cash_flow_waterfall,Pessimistic,taxes,10.200000000000001
31,cash_flow_waterfall,Stress,taxes,0.8499999999999999
0,leverage_effect,Optimistic,net_income,12.0
1,leverage_effect,Optimistic,net_income,11.0625
2,leverage_effect,Optimistic,net_income,10.125
3,leverage_effect,Optimistic,net_income,9.1875
4,leverage_effect,Base,net_income,7.5
5,leverage_effect,Base,net_income,6.375
6,leverage_effect,Base,net_income,5.25
7,leverage_effect,Base,net_income,4.125
8,leverage_effect,Pessimistic,net_income,2.25
9,leverage_effect,Pessimistic,net_income,0.9374999999999998
10,leverage_effect,Pessimistic,net_income,-0.5000000000000004
11,leverage_effect,Pessimistic,net_income,-2.250000000000001
12,leverage_effect,Stress,net_income,-8.0
13,leverage_effect,Stress,net_income,-10.25
14,leverage_effect,Stress,net_income,-12.5
15,leverage_effect,Stress,net_income,-14.75
40,tax_shield,Optimistic,net_income,22.5
41,tax_shield,Base,net_income,14.25
42,tax_shield,Pessimistic,net_income,5.25
43,tax_shield,Stress,net_income,-5.0
68,dilution_effect,Optimistic,net_income,100.0
69,dilution_effect,Base,net_income,100.0
70,dilution_effect,Pessimistic,net_income,90.0
71,dilution_effect,Stress,net_income,75.0
0,leverage_effect,Optimistic,roe,0.12
1,leverage_effect,Optimistic,roe,0.1475
2,leverage_effect,Optimistic,roe,0.2025
3,leverage_effect,Optimistic,roe,0.3675
4,leverage_effect,Base,roe,0.075
5,leverage_effect,Base,roe,0.085
6,leverage_effect,Base,roe,0.105
7,leverage_effect,Base,roe,0.165
8,leverage_effect,Pessimistic,roe,0.0225
9,leverage_effect,Pessimistic,roe,0.012499999999999997
10,leverage_effect,Pessimistic,roe,-0.010000000000000009
11,leverage_effect,Pessimistic,roe,-0.09000000000000004
12,leverage_effect,Stress,roe,-0.08
13,leverage_effect,Stress,roe,-0.13666666666666666
14,leverage_effect,Stress,roe,-0.25
15,leverage_effect,Stress,roe,-0.59
16,financial_accelerator,Optimistic,initial_net_worth,50.0
17,financial_accelerator,Base,initial_net_worth,50.0
18,financial_accelerator,Pessimistic,initial_net_worth,50.0
19,financial_accelerator,Stress,initial_net_worth,50.0
16,financial_accelerator,Optimistic,asset_price_shock,0.2
17,financial_accelerator,Base,asset_price_shock,0.0
18,financial_accelerator,Pessimistic,asset_price_shock,-0.2
19,financial_accelerator,Stress,asset_price_shock,-0.4
16,financial_accelerator,Optimistic,collateral_multiplier,2.5
17,financial_accelerator,Base,collateral_multiplier,2.5
18,financial_accelerator,Pessimistic,collateral_multiplier,2.3
19,financial_accelerator,Stress,collateral_multiplier,2.0
16,financial_accelerator,Optimistic,baseline_investment,20.0
17,financial_accelerator,Base,baseline_investment,20.0
18,financial_accelerator,Pessimistic,baseline_investment,20.0
19,financial_accelerator,Stress,baseline_investment,20.0
16,financial_accelerator,Optimistic,investment_credit_sensitivity,0.35
17,financial_accelerator,Base,investment_credit_sensitivity,0.35
18,financial_accelerator,Pessimistic,investment_credit_sensitivity,0.35
19,financial_accelerator,Stress,investment_credit_sensitivity,0.35
16,financial_accelerator,Optimistic,existing_debt,50.0
17,financial_accelerator,Base,existing_debt,50.0
18,financial_accelerator,Pessimistic,existing_debt,50.0
19,financial_accelerator,Stress,existing_debt,50.0
16,financial_accelerator,Optimistic,shocked_net_worth,60.0
17,financial_accelerator,Base,shocked_net_worth,50.0
18,financial_accelerator,Pessimistic,shocked_net_worth,40.0
19,financial_accelerator,Stress,shocked_net_worth,30.0
16,financial_accelerator,Optimistic,borrowing_capacity,100.0
17,financial_accelerator,Base,borrowing_capacity,75.0
18,financial_accelerator,Pessimistic,borrowing_capacity,42.0
19,financial_accelerator,Stress,borrowing_capacity,10.0
16,financial_accelerator,Optimistic,external_finance_premium,0.04
17,financial_accelerator,Base,external_finance_premium,0.04
18,financial_accelerator,Pessimistic,external_finance_premium,0.055999999999999994
19,financial_accelerator,Stress,external_finance_premium,0.07200000000000001
16,financial_accelerator,Optimistic,investment,55.0
17,financial_accelerator,Base,investment,46.25
18,financial_accelerator,Pessimistic,investment,34.7
19,financial_accelerator,Stress,investment,23.5
16,financial_accelerator,Optimistic,investment_change,35.0
17,financial_accelerator,Base,investment_change,26.25
18,financial_accelerator,Pessimistic,investment_change,14.700000000000003
19,financial_accelerator,Stress,investment_change,3.5
20,liquidity_spiral,Optimistic,initial_assets,100.0
21,liquidity_spiral,Base,initial_assets,100.0
22,liquidity_spiral,Pessimistic,initial_assets,100.0
23,liquidity_spiral,Stress,initial_assets,100.0
24,margin_spiral,Optimistic,initial_assets,100.0
25,margin_spiral,Base,initial_assets,100.0
26,margin_spiral,Pessimistic,initial_assets,100.0
27,margin_spiral,Stress,initial_assets,100.0
20,liquidity_spiral,Optimistic,leverage,2.0
21,liquidity_spiral,Base,leverage,3.0
22,liquidity_spiral,Pessimistic,leverage,4.0
23,liquidity_spiral,Stress,leverage,5.0
20,liquidity_spiral,Optimistic,initial_shock,0.02
21,liquidity_spiral,Base,initial_shock,0.05
22,liquidity_spiral,Pessimistic,initial_shock,0.1
23,liquidity_spiral,Stress,initial_shock,0.18
20,liquidity_spiral,Optimistic,margin_requirement,0.2
21,liquidity_spiral,Base,margin_requirement,0.25
22,liquidity_spiral,Pessimistic,margin_requirement,0.25
23,liquidity_spiral,Stress,margin_requirement,0.3
20,liquidity_spiral,Optimistic,market_liquidity,1.5
21,liquidity_spiral,Base,market_liquidity,1.0
22,liquidity_spiral,Pessimistic,market_liquidity,0.75
23,liquidity_spiral,Stress,market_liquidity,0.45
20,liquidity_spiral,Optimistic,final_price,0.98
21,liquidity_spiral,Base,final_price,0.95
22,liquidity_spiral,Pessimistic,final_price,0.055555555555555636
23,liquidity_spiral,Stress,final_price,0.03359259259259262
20,liquidity_spiral,Optimistic,price_decline,0.020000000000000018
21,liquidity_spiral,Base,price_decline,0.050000000000000044
22,liquidity_spiral,Pessimistic,price_decline,0.9444444444444444
23,liquidity_spiral,Stress,price_decline,0.9664074074074074
20,liquidity_spiral,Optimistic,final_equity,48.0
21,liquidity_spiral,Base,final_equity,28.333333333333343
22,liquidity_spiral,Pessimistic,final_equity,-11.666666666666671
23,liquidity_spiral,Stress,final_equity,-4.3333333333333375
20,liquidity_spiral,Optimistic,forced_sales,0.0
21,liquidity_spiral,Base,forced_sales,0.0
22,liquidity_spiral,Pessimistic,forced_sales,100.0
23,liquidity_spiral,Stress,forced_sales,100.0
24,margin_spiral,Optimistic,forced_sales,0.0
25,margin_spiral,Base,forced_sales,12.866681929405926
26,margin_spiral,Pessimistic,forced_sales,76.84113950565563
27,margin_spiral,Stress,forced_sales,80.0
20,liquidity_spiral,Optimistic,rounds,0.0
21,liquidity_spiral,Base,rounds,0.0
22,liquidity_spiral,Pessimistic,rounds,2.0
23,liquidity_spiral,Stress,rounds,2.0
24,margin_spiral,Optimistic,rounds,0.0
25,margin_spiral,Base,rounds,8.0
26,margin_spiral,Pessimistic,rounds,2.0
27,margin_spiral,Stress,rounds,1.0
20,liquidity_spiral,Optimistic,default_flag,0.0
21,liquidity_spiral,Base,default_flag,0.0
22,liquidity_spiral,Pessimistic,default_flag,1.0
23,liquidity_spiral,Stress,default_flag,1.0
24,margin_spiral,Optimistic,initial_haircut,0.2
25,margin_spiral,Base,initial_haircut,0.2
26,margin_spiral,Pessimistic,initial_haircut,0.2
27,margin_spiral,Stress,initial_haircut,0.2
24,margin_spiral,Optimistic,volatility_shock,0.02
25,margin_spiral,Base,volatility_shock,0.06
26,margin_spiral,Pessimistic,volatility_shock,0.12
27,margin_spiral,Stress,volatility_shock,0.2
24,margin_spiral,Optimistic,haircut_sensitivity,0.2
25,margin_spiral,Base,haircut_sensitivity,0.3
26,margin_spiral,Pessimistic,haircut_sensitivity,0.4
27,margin_spiral,Stress,haircut_sensitivity,0.55
24,margin_spiral,Optimistic,price_impact,0.05
25,margin_spiral,Base,price_impact,0.1
26,margin_spiral,Pessimistic,price_impact,0.2
27,margin_spiral,Stress,price_impact,0.4
24,margin_spiral,Optimistic,ending_asset_value,98.0
25,margin_spiral,Base,ending_asset_value,79.86228272748079
26,margin_spiral,Pessimistic,ending_asset_value,0.0
27,margin_spiral,Stress,ending_asset_value,0.0
24,margin_spiral,Optimistic,ending_equity,33.0
25,margin_spiral,Base,ending_equity,17.71475297522553
26,margin_spiral,Pessimistic,ending_equity,-1.1588604943443706
27,margin_spiral,Stress,ending_equity,0.0
24,margin_spiral,Optimistic,ending_haircut,0.20400000000000001
25,margin_spiral,Base,ending_haircut,0.22185574107432343
26,margin_spiral,Pessimistic,ending_haircut,0.3094729116045245
27,margin_spiral,Stress,ending_haircut,0.48600000000000004
64,leverage_cycle,Optimistic,ending_haircut,0.19
65,leverage_cycle,Base,ending_haircut,0.238
66,leverage_cycle,Pessimistic,ending_haircut,0.28
67,leverage_cycle,Stress,ending_haircut,0.346
28,cash_flow_waterfall,Optimistic,revenue,180.0
29,cash_flow_waterfall,Base,revenue,155.0
30,cash_flow_waterfall,Pessimistic,revenue,130.0
31,cash_flow_waterfall,Stress,revenue,95.0
28,cash_flow_waterfall,Optimistic,operating_expenses,75.0
29,cash_flow_waterfall,Base,operating_expenses,72.0
30,cash_flow_waterfall,Pessimistic,operating_expenses,70.0
31,cash_flow_waterfall,Stress,operating_expenses,68.0
28,cash_flow_waterfall,Optimistic,tax_rate,0.25
29,cash_flow_waterfall,Base,tax_rate,0.25
30,cash_flow_waterfall,Pessimistic,tax_rate,0.25
31,cash_flow_waterfall,Stress,tax_rate,0.25
40,tax_shield,Optimistic,tax_rate,0.25
41,tax_shield,Base,tax_rate,0.25
42,tax_shield,Pessimistic,tax_rate,0.25
43,tax_shield,Stress,tax_rate,0.25
72,ma_accretion_dilution,Optimistic,tax_rate,0.25
73,ma_accretion_dilution,Base,tax_rate,0.25
74,ma_accretion_dilution,Pessimistic,tax_rate,0.25
75,ma_accretion_dilution,Stress,tax_rate,0.25
28,cash_flow_waterfall,Optimistic,senior_debt,180.0
29,cash_flow_waterfall,Base,senior_debt,180.0
30,cash_flow_waterfall,Pessimistic,senior_debt,180.0
31,cash_flow_waterfall,Stress,senior_debt,180.0
28,cash_flow_waterfall,Optimistic,senior_rate,0.06
29,cash_flow_waterfall,Base,senior_rate,0.07
30,cash_flow_waterfall,Pessimistic,senior_rate,0.08
31,cash_flow_waterfall,Stress,senior_rate,0.1
28,cash_flow_waterfall,Optimistic,scheduled_senior_principal,20.0
29,cash_flow_waterfall,Base,scheduled_senior_principal,20.0
30,cash_flow_waterfall,Pessimistic,scheduled_senior_principal,20.0
31,cash_flow_waterfall,Stress,scheduled_senior_principal,20.0
28,cash_flow_waterfall,Optimistic,mezzanine_debt,40.0
29,cash_flow_waterfall,Base,mezzanine_debt,40.0
30,cash_flow_waterfall,Pessimistic,mezzanine_debt,40.0
31,cash_flow_waterfall,Stress,mezzanine_debt,40.0
28,cash_flow_waterfall,Optimistic,mezzanine_rate,0.1
29,cash_flow_waterfall,Base,mezzanine_rate,0.11
30,cash_flow_waterfall,Pessimistic,mezzanine_rate,0.12
31,cash_flow_waterfall,Stress,mezzanine_rate,0.14
28,cash_flow_waterfall,Optimistic,scheduled_mezz_principal,5.0
29,cash_flow_waterfall,Base,scheduled_mezz_principal,5.0
30,cash_flow_waterfall,Pessimistic,scheduled_mezz_principal,5.0
31,cash_flow_waterfall,Stress,scheduled_mezz_principal,5.0
28,cash_flow_waterfall,Optimistic,lp_contribution,100.0
29,cash_flow_waterfall,Base,lp_contribution,100.0
30,cash_flow_waterfall,Pessimistic,lp_contribution,100.0
31,cash_flow_waterfall,Stress,lp_contribution,100.0
28,cash_flow_waterfall,Optimistic,preferred_return_rate,0.08
29,cash_flow_waterfall,Base,preferred_return_rate,0.08
30,cash_flow_waterfall,Pessimistic,preferred_return_rate,0.08
31,cash_flow_waterfall,Stress,preferred_return_rate,0.08
28,cash_flow_waterfall,Optimistic,carry_rate,0.2
29,cash_flow_waterfall,Base,carry_rate,0.2
30,cash_flow_waterfall,Pessimistic,carry_rate,0.2
31,cash_flow_waterfall,Stress,carry_rate,0.2
28,cash_flow_waterfall,Optimistic,ebitda,105.0
29,cash_flow_waterfall,Base,ebitda,83.0
30,cash_flow_waterfall,Pessimistic,ebitda,60.0
31,cash_flow_waterfall,Stress,ebitda,27.0
28,cash_flow_waterfall,Optimistic,senior_interest,10.799999999999999
29,cash_flow_waterfall,Base,senior_interest,12.600000000000001
30,cash_flow_waterfall,Pessimistic,senior_interest,14.4
31,cash_flow_waterfall,Stress,senior_interest,18.0
28,cash_flow_waterfall,Optimistic,senior_principal,20.0
29,cash_flow_waterfall,Base,senior_principal,20.0
30,cash_flow_waterfall,Pessimistic,senior_principal,20.0
31,cash_flow_waterfall,Stress,senior_principal,8.149999999999999
28,cash_flow_waterfall,Optimistic,mezzanine_interest,4.0
29,cash_flow_waterfall,Base,mezzanine_interest,4.4
30,cash_flow_waterfall,Pessimistic,mezzanine_interest,4.8
31,cash_flow_waterfall,Stress,mezzanine_interest,0.0
28,cash_flow_waterfall,Optimistic,mezzanine_principal,5.0
29,cash_flow_waterfall,Base,mezzanine_principal,5.0
30,cash_flow_waterfall,Pessimistic,mezzanine_principal,5.0
31,cash_flow_waterfall,Stress,mezzanine_principal,0.0
28,cash_flow_waterfall,Optimistic,lp_preferred_return,8.0
29,cash_flow_waterfall,Base,lp_preferred_return,8.0
30,cash_flow_waterfall,Pessimistic,lp_preferred_return,5.599999999999998
31,cash_flow_waterfall,Stress,lp_preferred_return,0.0
28,cash_flow_waterfall,Optimistic,sponsor_catch_up,2.0
29,cash_flow_waterfall,Base,sponsor_catch_up,2.0
30,cash_flow_waterfall,Pessimistic,sponsor_catch_up,0.0
31,cash_flow_waterfall,Stress,sponsor_catch_up,0.0
28,cash_flow_waterfall,Optimistic,sponsor_carry,6.530000000000001
29,cash_flow_waterfall,Base,sponsor_carry,2.9000000000000004
30,cash_flow_waterfall,Pessimistic,sponsor_carry,0.0
31,cash_flow_waterfall,Stress,sponsor_carry,0.0
28,cash_flow_waterfall,Optimistic,lp_residual,26.120000000000005
29,cash_flow_waterfall,Base,lp_residual,11.600000000000001
30,cash_flow_waterfall,Pessimistic,lp_residual,0.0
31,cash_flow_waterfall,Stress,lp_residual,0.0
28,cash_flow_waterfall,Optimistic,lp_distribution,34.120000000000005
29,cash_flow_waterfall,Base,lp_distribution,19.6
30,cash_flow_waterfall,Pessimistic,lp_distribution,5.599999999999998
31,cash_flow_waterfall,Stress,lp_distribution,0.0
28,cash_flow_waterfall,Optimistic,sponsor_distribution,8.530000000000001
29,cash_flow_waterfall,Base,sponsor_distribution,4.9
30,cash_flow_waterfall,Pessimistic,sponsor_distribution,0.0
31,cash_flow_waterfall,Stress,sponsor_distribution,0.0
28,cash_flow_waterfall,Optimistic,total_equity_distribution,42.650000000000006
29,cash_flow_waterfall,Base,total_equity_distribution,24.5
30,cash_flow_waterfall,Pessimistic,total_equity_distribution,5.599999999999998
31,cash_flow_waterfall,Stress,total_equity_distribution,0.0
28,cash_flow_waterfall,Optimistic,unpaid_debt_service,0.0
29,cash_flow_waterfall,Base,unpaid_debt_service,0.0
30,cash_flow_waterfall,Pessimistic,unpaid_debt_service,0.0
31,cash_flow_waterfall,Stress,unpaid_debt_service,5.6000000000000005
32,interest_rate_effect,Optimistic,face_value,1000.0
33,interest_rate_effect,Base,face_value,1000.0
34,interest_rate_effect,Pessimistic,face_value,1000.0
35,interest_rate_effect,Stress,face_value,1000.0
36,duration_effect,Optimistic,face_value,1000.0
37,duration_effect,Base,face_value,1000.0
38,duration_effect,Pessimistic,face_value,1000.0
39,duration_effect,Stress,face_value,1000.0
32,interest_rate_effect,Optimistic,coupon_rate,0.05
33,interest_rate_effect,Base,coupon_rate,0.05
34,interest_rate_effect,Pessimistic,coupon_rate,0.05
35,interest_rate_effect,Stress,coupon_rate,0.05
36,duration_effect,Optimistic,coupon_rate,0.04
37,duration_effect,Base,coupon_rate,0.04
38,duration_effect,Pessimistic,coupon_rate,0.04
39,duration_effect,Stress,coupon_rate,0.04
32,interest_rate_effect,Optimistic,base_yield,0.05
33,interest_rate_effect,Base,base_yield,0.05
34,interest_rate_effect,Pessimistic,base_yield,0.05
35,interest_rate_effect,Stress,base_yield,0.05
32,interest_rate_effect,Optimistic,maturity_years,10.0
33,interest_rate_effect,Base,maturity_years,10.0
34,interest_rate_effect,Pessimistic,maturity_years,10.0
35,interest_rate_effect,Stress,maturity_years,10.0
36,duration_effect,Optimistic,maturity_years,10.0
37,duration_effect,Base,maturity_years,10.0
38,duration_effect,Pessimistic,maturity_years,10.0
39,duration_effect,Stress,maturity_years,10.0
32,interest_rate_effect,Optimistic,yield_shift,-0.02
33,interest_rate_effect,Base,yield_shift,0.0
34,interest_rate_effect,Pessimistic,yield_shift,0.01
35,interest_rate_effect,Stress,yield_shift,0.02
36,duration_effect,Optimistic,yield_shift,-0.02
37,duration_effect,Base,yield_shift,0.0
38,duration_effect,Pessimistic,yield_shift,0.01
39,duration_effect,Stress,yield_shift,0.02
32,interest_rate_effect,Optimistic,frequency,2.0
33,interest_rate_effect,Base,frequency,2.0
34,interest_rate_effect,Pessimistic,frequency,2.0
35,interest_rate_effect,Stress,frequency,2.0
36,duration_effect,Optimistic,frequency,2.0
37,duration_effect,Base,frequency,2.0
38,duration_effect,Pessimistic,frequency,2.0
39,duration_effect,Stress,frequency,2.0
32,interest_rate_effect,Optimistic,initial_price,1000.0000000000016
33,interest_rate_effect,Base,initial_price,1000.0000000000016
34,interest_rate_effect,Pessimistic,initial_price,1000.0000000000016
35,interest_rate_effect,Stress,initial_price,1000.0000000000016
36,duration_effect,Optimistic,initial_price,922.0541885717672
37,duration_effect,Base,initial_price,922.0541885717672
38,duration_effect,Pessimistic,initial_price,922.0541885717672
39,duration_effect,Stress,initial_price,922.0541885717672
32,interest_rate_effect,Optimistic,new_yield,0.030000000000000002
33,interest_rate_effect,Base,new_yield,0.05
34,interest_rate_effect,Pessimistic,new_yield,0.060000000000000005
35,interest_rate_effect,Stress,new_yield,0.07
32,interest_rate_effect,Optimistic,shocked_price,1171.6863878508211
33,interest_rate_effect,Base,shocked_price,1000.0000000000016
34,interest_rate_effect,Pessimistic,shocked_price,925.6126256977221
35,interest_rate_effect,Stress,shocked_price,857.8759669804781
36,duration_effect,Optimistic,shocked_price,1085.8431939254115
37,duration_effect,Base,shocked_price,922.0541885717672
38,duration_effect,Pessimistic,shocked_price,851.2252513954445
39,duration_effect,Stress,shocked_price,786.8139504707166
32,interest_rate_effect,Optimistic,price_change,171.68638785081953
33,interest_rate_effect,Base,price_change,0.0
34,interest_rate_effect,Pessimistic,price_change,-74.38737430227945
35,interest_rate_effect,Stress,price_change,-142.1240330195235
32,interest_rate_effect,Optimistic,price_change_pct,0.17168638785081924
33,interest_rate_effect,Base,price_change_pct,0.0
34,interest_rate_effect,Pessimistic,price_change_pct,-0.07438737430227937
35,interest_rate_effect,Stress,price_change_pct,-0.14212403301952325
36,duration_effect,Optimistic,yield_rate,0.05
37,duration_effect,Base,yield_rate,0.05
38,duration_effect,Pessimistic,yield_rate,0.05
39,duration_effect,Stress,yield_rate,0.05
36,duration_effect,Optimistic,macaulay_duration,8.25558683771478
37,duration_effect,Base,macaulay_duration,8.25558683771478
38,duration_effect,Pessimistic,macaulay_duration,8.25558683771478
39,duration_effect,Stress,macaulay_duration,8.25558683771478
36,duration_effect,Optimistic,modified_duration,8.054231061185153
37,duration_effect,Base,modified_duration,8.054231061185153
38,duration_effect,Pessimistic,modified_duration,8.054231061185153
39,duration_effect,Stress,modified_duration,8.054231061185153
36,duration_effect,Optimistic,convexity,77.11167529123058
37,duration_effect,Base,convexity,77.11167529123058
38,duration_effect,Pessimistic,convexity,77.11167529123058
39,duration_effect,Stress,convexity,77.11167529123058
36,duration_effect,Optimistic,estimated_change_pct,0.17650695628194918
37,duration_effect,Base,estimated_change_pct,0.0
38,duration_effect,Pessimistic,estimated_change_pct,-0.07668672684729
39,duration_effect,Stress,estimated_change_pct,-0.14566228616545696
36,duration_effect,Optimistic,exact_change_pct,0.177634901921923
37,duration_effect,Base,exact_change_pct,0.0
38,duration_effect,Pessimistic,exact_change_pct,-0.07681645835374873
39,duration_effect,Stress,exact_change_pct,-0.14667276584962263
36,duration_effect,Optimistic,approximation_error_pct,-0.0011279456399738153
37,duration_effect,Base,approximation_error_pct,0.0
38,duration_effect,Pessimistic,approximation_error_pct,0.0001297315064587301
39,duration_effect,Stress,approximation_error_pct,0.0010104796841656771
40,tax_shield,Optimistic,interest_rate,0.05
41,tax_shield,Base,interest_rate,0.06
42,tax_shield,Pessimistic,interest_rate,0.08
43,tax_shield,Stress,interest_rate,0.1
72,ma_accretion_dilution,Optimistic,interest_rate,0.05
73,ma_accretion_dilution,Base,interest_rate,0.06
74,ma_accretion_dilution,Pessimistic,interest_rate,0.075
75,ma_accretion_dilution,Stress,interest_rate,0.1
40,tax_shield,Optimistic,depreciation,5.0
41,tax_shield,Base,depreciation,5.0
42,tax_shield,Pessimistic,depreciation,5.0
43,tax_shield,Stress,depreciation,5.0
40,tax_shield,Optimistic,capex,7.0
41,tax_shield,Base,capex,7.0
42,tax_shield,Pessimistic,capex,7.0
43,tax_shield,Stress,capex,7.0
40,tax_shield,Optimistic,change_nwc,2.0
41,tax_shield,Base,change_nwc,2.0
42,tax_shield,Pessimistic,change_nwc,2.0
43,tax_shield,Stress,change_nwc,2.0
40,tax_shield,Optimistic,interest,5.0
41,tax_shield,Base,interest,6.0
42,tax_shield,Pessimistic,interest,8.0
43,tax_shield,Stress,interest,10.0
40,tax_shield,Optimistic,taxable_income,30.0
41,tax_shield,Base,taxable_income,19.0
42,tax_shield,Pessimistic,taxable_income,7.0
43,tax_shield,Stress,taxable_income,0.0
40,tax_shield,Optimistic,tax,7.5
41,tax_shield,Base,tax,4.75
42,tax_shield,Pessimistic,tax,1.75
43,tax_shield,Stress,tax,0.0
40,tax_shield,Optimistic,tax_shield,1.25
41,tax_shield,Base,tax_shield,1.5
42,tax_shield,Pessimistic,tax_shield,2.0
43,tax_shield,Stress,tax_shield,1.25
40,tax_shield,Optimistic,levered_fcf_after_interest,18.5
41,tax_shield,Base,levered_fcf_after_interest,10.25
42,tax_shield,Pessimistic,levered_fcf_after_interest,1.25
43,tax_shield,Stress,levered_fcf_after_interest,-9.0
40,tax_shield,Optimistic,unlevered_fcf,22.25
41,tax_shield,Base,unlevered_fcf,14.75
42,tax_shield,Pessimistic,unlevered_fcf,7.25
43,tax_shield,Stress,unlevered_fcf,-0.25
40,tax_shield,Optimistic,pv_perpetual_tax_shield,25.0
41,tax_shield,Base,pv_perpetual_tax_shield,25.0
42,tax_shield,Pessimistic,pv_perpetual_tax_shield,25.0
43,tax_shield,Stress,pv_perpetual_tax_shield,25.0
44,wealth_effect,Optimistic,initial_wealth,500.0
45,wealth_effect,Base,initial_wealth,500.0
46,wealth_effect,Pessimistic,initial_wealth,500.0
47,wealth_effect,Stress,initial_wealth,500.0
44,wealth_effect,Optimistic,wealth_return,0.2
45,wealth_effect,Base,wealth_return,0.05
46,wealth_effect,Pessimistic,wealth_return,-0.1
47,wealth_effect,Stress,wealth_return,-0.3
44,wealth_effect,Optimistic,marginal_propensity_to_consume,0.04
45,wealth_effect,Base,marginal_propensity_to_consume,0.04
46,wealth_effect,Pessimistic,marginal_propensity_to_consume,0.04
47,wealth_effect,Stress,marginal_propensity_to_consume,0.04
44,wealth_effect,Optimistic,baseline_consumption,80.0
45,wealth_effect,Base,baseline_consumption,80.0
46,wealth_effect,Pessimistic,baseline_consumption,80.0
47,wealth_effect,Stress,baseline_consumption,80.0
44,wealth_effect,Optimistic,ending_wealth,600.0
45,wealth_effect,Base,ending_wealth,525.0
46,wealth_effect,Pessimistic,ending_wealth,450.0
47,wealth_effect,Stress,ending_wealth,350.0
44,wealth_effect,Optimistic,wealth_change,100.0
45,wealth_effect,Base,wealth_change,25.0
46,wealth_effect,Pessimistic,wealth_change,-50.0
47,wealth_effect,Stress,wealth_change,-150.0
44,wealth_effect,Optimistic,consumption_change,4.0
45,wealth_effect,Base,consumption_change,1.0
46,wealth_effect,Pessimistic,consumption_change,-2.0
47,wealth_effect,Stress,consumption_change,-6.0
44,wealth_effect,Optimistic,ending_consumption,84.0
45,wealth_effect,Base,ending_consumption,81.0
46,wealth_effect,Pessimistic,ending_consumption,78.0
47,wealth_effect,Stress,ending_consumption,74.0
44,wealth_effect,Optimistic,consumption_change_pct,0.05
45,wealth_effect,Base,consumption_change_pct,0.0125
46,wealth_effect,Pessimistic,consumption_change_pct,-0.025
47,wealth_effect,Stress,consumption_change_pct,-0.075
48,contagion_effect,Optimistic,shock_node,5.0
49,contagion_effect,Base,shock_node,5.0
50,contagion_effect,Pessimistic,shock_node,5.0
51,contagion_effect,Stress,shock_node,5.0
48,contagion_effect,Optimistic,initial_shock_loss,4.0
49,contagion_effect,Base,initial_shock_loss,6.0
50,contagion_effect,Pessimistic,initial_shock_loss,8.0
51,contagion_effect,Stress,initial_shock_loss,12.0
48,contagion_effect,Optimistic,recovery_rate,0.7
49,contagion_effect,Base,recovery_rate,0.5
50,contagion_effect,Pessimistic,recovery_rate,0.3
51,contagion_effect,Stress,recovery_rate,0.1
48,contagion_effect,Optimistic,capital_multiplier,1.25
49,contagion_effect,Base,capital_multiplier,1.0
50,contagion_effect,Pessimistic,capital_multiplier,0.85
51,contagion_effect,Stress,capital_multiplier,0.65
48,contagion_effect,Optimistic,liquidity_loss_rate,0.0
49,contagion_effect,Base,liquidity_loss_rate,0.2
50,contagion_effect,Pessimistic,liquidity_loss_rate,0.5
51,contagion_effect,Stress,liquidity_loss_rate,1.0
48,contagion_effect,Optimistic,system_loss,5.800000000000001
49,contagion_effect,Base,system_loss,10.2
50,contagion_effect,Pessimistic,system_loss,15.2
51,contagion_effect,Stress,system_loss,23.4
48,contagion_effect,Optimistic,defaults,1.0
49,contagion_effect,Base,defaults,1.0
50,contagion_effect,Pessimistic,defaults,1.0
51,contagion_effect,Stress,defaults,1.0
48,contagion_effect,Optimistic,capital_loss_pct,0.08592592592592593
49,contagion_effect,Base,capital_loss_pct,0.18888888888888888
50,contagion_effect,Pessimistic,capital_loss_pct,0.3311546840958605
51,contagion_effect,Stress,capital_loss_pct,0.6666666666666666
48,contagion_effect,Optimistic,propagation_events,4.0
49,contagion_effect,Base,propagation_events,4.0
50,contagion_effect,Pessimistic,propagation_events,4.0
51,contagion_effect,Stress,propagation_events,4.0
52,minsky_moment,Optimistic,initial_asset_price,100.0
53,minsky_moment,Base,initial_asset_price,100.0
54,minsky_moment,Pessimistic,initial_asset_price,100.0
55,minsky_moment,Stress,initial_asset_price,100.0
52,minsky_moment,Optimistic,initial_leverage,1.8
53,minsky_moment,Base,initial_leverage,2.5
54,minsky_moment,Pessimistic,initial_leverage,3.0
55,minsky_moment,Stress,initial_leverage,4.0
52,minsky_moment,Optimistic,credit_growth,0.03
53,minsky_moment,Base,credit_growth,0.05
54,minsky_moment,Pessimistic,credit_growth,0.08
55,minsky_moment,Stress,credit_growth,0.12
52,minsky_moment,Optimistic,rate,0.03
53,minsky_moment,Base,rate,0.035
54,minsky_moment,Pessimistic,rate,0.04
55,minsky_moment,Stress,rate,0.05
52,minsky_moment,Optimistic,trigger_debt_service_ratio,0.7
53,minsky_moment,Base,trigger_debt_service_ratio,0.8
54,minsky_moment,Pessimistic,trigger_debt_service_ratio,0.75
55,minsky_moment,Stress,trigger_debt_service_ratio,1.1
52,minsky_moment,Optimistic,price_credit_beta,0.8
53,minsky_moment,Base,price_credit_beta,0.8
54,minsky_moment,Pessimistic,price_credit_beta,0.9
55,minsky_moment,Stress,price_credit_beta,1.0
52,minsky_moment,Optimistic,tightening_strength,0.05
53,minsky_moment,Base,tightening_strength,0.05
54,minsky_moment,Pessimistic,tightening_strength,0.1
55,minsky_moment,Stress,tightening_strength,0.15
52,minsky_moment,Optimistic,periods,12.0
53,minsky_moment,Base,periods,12.0
54,minsky_moment,Pessimistic,periods,12.0
55,minsky_moment,Stress,periods,12.0
64,leverage_cycle,Optimistic,periods,8.0
65,leverage_cycle,Base,periods,8.0
66,leverage_cycle,Pessimistic,periods,8.0
67,leverage_cycle,Stress,periods,8.0
52,minsky_moment,Optimistic,ending_asset_price,134.36356947106276
53,minsky_moment,Base,ending_asset_price,164.4464556677569
54,minsky_moment,Pessimistic,ending_asset_price,32.055885788577015
55,minsky_moment,Stress,ending_asset_price,6.831813945353639
52,minsky_moment,Optimistic,peak_asset_price,134.36356947106276
53,minsky_moment,Base,peak_asset_price,164.4464556677569
54,minsky_moment,Pessimistic,peak_asset_price,124.57236824380958
55,minsky_moment,Stress,peak_asset_price,112.77615999999999
52,minsky_moment,Optimistic,drawdown_from_peak,0.0
53,minsky_moment,Base,drawdown_from_peak,0.0
54,minsky_moment,Pessimistic,drawdown_from_peak,-0.7426725826883365
55,minsky_moment,Stress,drawdown_from_peak,-0.9394214704122428
52,minsky_moment,Optimistic,ending_leverage,2.269442932724309
53,minsky_moment,Base,ending_leverage,3.6696169455544765
54,minsky_moment,Pessimistic,ending_leverage,1.907537006235006
55,minsky_moment,Stress,ending_leverage,1.3950766459266344
64,leverage_cycle,Optimistic,ending_leverage,4.3896694712310715
65,leverage_cycle,Base,ending_leverage,4.065510331880976
66,leverage_cycle,Pessimistic,ending_leverage,3.860796409539009
67,leverage_cycle,Stress,ending_leverage,3.399311324259854
52,minsky_moment,Optimistic,tightening_periods,0.0
53,minsky_moment,Base,tightening_periods,0.0
54,minsky_moment,Pessimistic,tightening_periods,9.0
55,minsky_moment,Stress,tightening_periods,11.0
56,flight_to_safety,Optimistic,portfolio_value,100.0
57,flight_to_safety,Base,portfolio_value,100.0
58,flight_to_safety,Pessimistic,portfolio_value,100.0
59,flight_to_safety,Stress,portfolio_value,100.0
56,flight_to_safety,Optimistic,initial_safe_weight,0.3
57,flight_to_safety,Base,initial_safe_weight,0.3
58,flight_to_safety,Pessimistic,initial_safe_weight,0.3
59,flight_to_safety,Stress,initial_safe_weight,0.3
56,flight_to_safety,Optimistic,risk_aversion_shock,0.0
57,flight_to_safety,Base,risk_aversion_shock,0.05
58,flight_to_safety,Pessimistic,risk_aversion_shock,0.12
59,flight_to_safety,Stress,risk_aversion_shock,0.25
56,flight_to_safety,Optimistic,reallocation_sensitivity,0.8
57,flight_to_safety,Base,reallocation_sensitivity,0.8
58,flight_to_safety,Pessimistic,reallocation_sensitivity,0.8
59,flight_to_safety,Stress,reallocation_sensitivity,0.8
56,flight_to_safety,Optimistic,safe_market_depth,1500.0
57,flight_to_safety,Base,safe_market_depth,1200.0
58,flight_to_safety,Pessimistic,safe_market_depth,900.0
59,flight_to_safety,Stress,safe_market_depth,600.0
56,flight_to_safety,Optimistic,risky_market_depth,1000.0
57,flight_to_safety,Base,risky_market_depth,900.0
58,flight_to_safety,Pessimistic,risky_market_depth,700.0
59,flight_to_safety,Stress,risky_market_depth,450.0
56,flight_to_safety,Optimistic,flow_to_safe,0.0
57,flight_to_safety,Base,flow_to_safe,4.0
58,flight_to_safety,Pessimistic,flow_to_safe,9.600000000000001
59,flight_to_safety,Stress,flow_to_safe,20.0
56,flight_to_safety,Optimistic,safe_asset_return,0.0
57,flight_to_safety,Base,safe_asset_return,0.0033333333333333335
58,flight_to_safety,Pessimistic,safe_asset_return,0.010666666666666668
59,flight_to_safety,Stress,safe_asset_return,0.03333333333333333
56,flight_to_safety,Optimistic,risky_asset_return,0.0
57,flight_to_safety,Base,risky_asset_return,-0.0044444444444444444
58,flight_to_safety,Pessimistic,risky_asset_return,-0.013714285714285717
59,flight_to_safety,Stress,risky_asset_return,-0.044444444444444446
56,flight_to_safety,Optimistic,new_safe_weight,0.3
57,flight_to_safety,Base,new_safe_weight,0.34
58,flight_to_safety,Pessimistic,new_safe_weight,0.396
59,flight_to_safety,Stress,new_safe_weight,0.5
56,flight_to_safety,Optimistic,spread_move,0.0
57,flight_to_safety,Base,spread_move,0.0077777777777777776
58,flight_to_safety,Pessimistic,spread_move,0.024380952380952385
59,flight_to_safety,Stress,spread_move,0.07777777777777778
60,risk_on_risk_off,Optimistic,equity_weight,0.7
61,risk_on_risk_off,Base,equity_weight,0.6
62,risk_on_risk_off,Pessimistic,equity_weight,0.45
63,risk_on_risk_off,Stress,equity_weight,0.3
60,risk_on_risk_off,Optimistic,bond_weight,0.2
61,risk_on_risk_off,Base,bond_weight,0.3
62,risk_on_risk_off,Pessimistic,bond_weight,0.45
63,risk_on_risk_off,Stress,bond_weight,0.6
60,risk_on_risk_off,Optimistic,cash_weight,0.1
61,risk_on_risk_off,Base,cash_weight,0.1
62,risk_on_risk_off,Pessimistic,cash_weight,0.1
63,risk_on_risk_off,Stress,cash_weight,0.1
60,risk_on_risk_off,Optimistic,equity_return,0.15
61,risk_on_risk_off,Base,equity_return,0.07
62,risk_on_risk_off,Pessimistic,equity_return,-0.1
63,risk_on_risk_off,Stress,equity_return,-0.25
60,risk_on_risk_off,Optimistic,bond_return,-0.01
61,risk_on_risk_off,Base,bond_return,0.03
62,risk_on_risk_off,Pessimistic,bond_return,0.06
63,risk_on_risk_off,Stress,bond_return,0.1
60,risk_on_risk_off,Optimistic,cash_return,0.02
61,risk_on_risk_off,Base,cash_return,0.02
62,risk_on_risk_off,Pessimistic,cash_return,0.02
63,risk_on_risk_off,Stress,cash_return,0.02
60,risk_on_risk_off,Optimistic,equity_contribution,0.105
61,risk_on_risk_off,Base,equity_contribution,0.042
62,risk_on_risk_off,Pessimistic,equity_contribution,-0.045000000000000005
63,risk_on_risk_off,Stress,equity_contribution,-0.075
60,risk_on_risk_off,Optimistic,bond_contribution,-0.002
61,risk_on_risk_off,Base,bond_contribution,0.009
62,risk_on_risk_off,Pessimistic,bond_contribution,0.027
63,risk_on_risk_off,Stress,bond_contribution,0.06
60,risk_on_risk_off,Optimistic,cash_contribution,0.002
61,risk_on_risk_off,Base,cash_contribution,0.002
62,risk_on_risk_off,Pessimistic,cash_contribution,0.002
63,risk_on_risk_off,Stress,cash_contribution,0.002
60,risk_on_risk_off,Optimistic,portfolio_return,0.105
61,risk_on_risk_off,Base,portfolio_return,0.053000000000000005
62,risk_on_risk_off,Pessimistic,portfolio_return,-0.016000000000000007
63,risk_on_risk_off,Stress,portfolio_return,-0.013
60,risk_on_risk_off,Optimistic,risk_asset_weight,0.7
61,risk_on_risk_off,Base,risk_asset_weight,0.6
62,risk_on_risk_off,Pessimistic,risk_asset_weight,0.45
63,risk_on_risk_off,Stress,risk_asset_weight,0.3
64,leverage_cycle,Optimistic,initial_collateral,100.0
65,leverage_cycle,Base,initial_collateral,100.0
66,leverage_cycle,Pessimistic,initial_collateral,100.0
67,leverage_cycle,Stress,initial_collateral,100.0
64,leverage_cycle,Optimistic,initial_debt,70.0
65,leverage_cycle,Base,initial_debt,70.0
66,leverage_cycle,Pessimistic,initial_debt,70.0
67,leverage_cycle,Stress,initial_debt,70.0
64,leverage_cycle,Optimistic,asset_return,0.1
65,leverage_cycle,Base,asset_return,0.02
66,leverage_cycle,Pessimistic,asset_return,-0.05
67,leverage_cycle,Stress,asset_return,-0.12
64,leverage_cycle,Optimistic,haircut,0.25
65,leverage_cycle,Base,haircut,0.25
66,leverage_cycle,Pessimistic,haircut,0.25
67,leverage_cycle,Stress,haircut,0.25
64,leverage_cycle,Optimistic,procyclicality,0.6
65,leverage_cycle,Base,procyclicality,0.6
66,leverage_cycle,Pessimistic,procyclicality,0.6
67,leverage_cycle,Stress,procyclicality,0.8
64,leverage_cycle,Optimistic,ending_collateral,214.3588810000002
65,leverage_cycle,Base,ending_collateral,117.16593810022657
66,leverage_cycle,Pessimistic,ending_collateral,66.34204312890623
67,leverage_cycle,Stress,ending_collateral,35.96345248055296
64,leverage_cycle,Optimistic,ending_debt,165.52630205416813
65,leverage_cycle,Base,ending_debt,88.34644717889424
66,leverage_cycle,Pessimistic,ending_debt,49.158530689609364
67,leverage_cycle,Stress,ending_debt,25.383823535156665
64,leverage_cycle,Optimistic,debt_capacity_change,103.63069361000018
65,leverage_cycle,Base,debt_capacity_change,19.280444832372652
66,leverage_cycle,Pessimistic,debt_capacity_change,-22.233728947187515
67,leverage_cycle,Stress,debt_capacity_change,-46.479902077718364
68,dilution_effect,Optimistic,existing_shares,100.0
69,dilution_effect,Base,existing_shares,100.0
70,dilution_effect,Pessimistic,existing_shares,100.0
71,dilution_effect,Stress,existing_shares,100.0
68,dilution_effect,Optimistic,new_shares,10.0
69,dilution_effect,Base,new_shares,20.0
70,dilution_effect,Pessimistic,new_shares,30.0
71,dilution_effect,Stress,new_shares,50.0
68,dilution_effect,Optimistic,issue_price,20.0
69,dilution_effect,Base,issue_price,20.0
70,dilution_effect,Pessimistic,issue_price,17.0
71,dilution_effect,Stress,issue_price,12.0
68,dilution_effect,Optimistic,return_on_proceeds,0.08
69,dilution_effect,Base,return_on_proceeds,0.04
70,dilution_effect,Pessimistic,return_on_proceeds,0.02
71,dilution_effect,Stress,return_on_proceeds,0.0
68,dilution_effect,Optimistic,gross_proceeds,200.0
69,dilution_effect,Base,gross_proceeds,400.0
70,dilution_effect,Pessimistic,gross_proceeds,510.0
71,dilution_effect,Stress,gross_proceeds,600.0
68,dilution_effect,Optimistic,incremental_income,16.0
69,dilution_effect,Base,incremental_income,16.0
70,dilution_effect,Pessimistic,incremental_income,10.200000000000001
71,dilution_effect,Stress,incremental_income,0.0
68,dilution_effect,Optimistic,pro_forma_shares,110.0
69,dilution_effect,Base,pro_forma_shares,120.0
70,dilution_effect,Pessimistic,pro_forma_shares,130.0
71,dilution_effect,Stress,pro_forma_shares,150.0
72,ma_accretion_dilution,Optimistic,pro_forma_shares,104.0
73,ma_accretion_dilution,Base,pro_forma_shares,104.0
74,ma_accretion_dilution,Pessimistic,pro_forma_shares,104.5
75,ma_accretion_dilution,Stress,pro_forma_shares,105.0
68,dilution_effect,Optimistic,existing_holder_ownership_pct,0.9090909090909091
69,dilution_effect,Base,existing_holder_ownership_pct,0.8333333333333334
70,dilution_effect,Pessimistic,existing_holder_ownership_pct,0.7692307692307693
71,dilution_effect,Stress,existing_holder_ownership_pct,0.6666666666666666
68,dilution_effect,Optimistic,old_eps,1.0
69,dilution_effect,Base,old_eps,1.0
70,dilution_effect,Pessimistic,old_eps,0.9
71,dilution_effect,Stress,old_eps,0.75
68,dilution_effect,Optimistic,new_eps,1.0545454545454545
69,dilution_effect,Base,new_eps,0.9666666666666667
70,dilution_effect,Pessimistic,new_eps,0.7707692307692308
71,dilution_effect,Stress,new_eps,0.5
68,dilution_effect,Optimistic,eps_dilution_pct,0.05454545454545445
69,dilution_effect,Base,eps_dilution_pct,-0.033333333333333326
70,dilution_effect,Pessimistic,eps_dilution_pct,-0.14358974358974363
71,dilution_effect,Stress,eps_dilution_pct,-0.33333333333333337
68,dilution_effect,Optimistic,ownership_dilution_pct,-0.09090909090909094
69,dilution_effect,Base,ownership_dilution_pct,-0.16666666666666663
70,dilution_effect,Pessimistic,ownership_dilution_pct,-0.23076923076923073
71,dilution_effect,Stress,ownership_dilution_pct,-0.33333333333333337
72,ma_accretion_dilution,Optimistic,acquirer_eps,2.5
73,ma_accretion_dilution,Base,acquirer_eps,2.5
74,ma_accretion_dilution,Pessimistic,acquirer_eps,2.5
75,ma_accretion_dilution,Stress,acquirer_eps,2.5
72,ma_accretion_dilution,Optimistic,acquirer_shares,100.0
73,ma_accretion_dilution,Base,acquirer_shares,100.0
74,ma_accretion_dilution,Pessimistic,acquirer_shares,100.0
75,ma_accretion_dilution,Stress,acquirer_shares,100.0
72,ma_accretion_dilution,Optimistic,target_eps,1.2
73,ma_accretion_dilution,Base,target_eps,1.2
74,ma_accretion_dilution,Pessimistic,target_eps,1.0
75,ma_accretion_dilution,Stress,target_eps,0.7
72,ma_accretion_dilution,Optimistic,target_shares,20.0
73,ma_accretion_dilution,Base,target_shares,20.0
74,ma_accretion_dilution,Pessimistic,target_shares,20.0
75,ma_accretion_dilution,Stress,target_shares,20.0
72,ma_accretion_dilution,Optimistic,purchase_price,400.0
73,ma_accretion_dilution,Base,purchase_price,400.0
74,ma_accretion_dilution,Pessimistic,purchase_price,450.0
75,ma_accretion_dilution,Stress,purchase_price,500.0
72,ma_accretion_dilution,Optimistic,debt_financing,240.0
73,ma_accretion_dilution,Base,debt_financing,240.0
74,ma_accretion_dilution,Pessimistic,debt_financing,270.0
75,ma_accretion_dilution,Stress,debt_financing,300.0
72,ma_accretion_dilution,Optimistic,equity_financing,160.0
73,ma_accretion_dilution,Base,equity_financing,160.0
74,ma_accretion_dilution,Pessimistic,equity_financing,180.0
75,ma_accretion_dilution,Stress,equity_financing,200.0
72,ma_accretion_dilution,Optimistic,pre_tax_synergies,45.0
73,ma_accretion_dilution,Base,pre_tax_synergies,25.0
74,ma_accretion_dilution,Pessimistic,pre_tax_synergies,10.0
75,ma_accretion_dilution,Stress,pre_tax_synergies,0.0
72,ma_accretion_dilution,Optimistic,new_shares_issued,4.0
73,ma_accretion_dilution,Base,new_shares_issued,4.0
74,ma_accretion_dilution,Pessimistic,new_shares_issued,4.5
75,ma_accretion_dilution,Stress,new_shares_issued,5.0
72,ma_accretion_dilution,Optimistic,acquirer_net_income,250.0
73,ma_accretion_dilution,Base,acquirer_net_income,250.0
74,ma_accretion_dilution,Pessimistic,acquirer_net_income,250.0
75,ma_accretion_dilution,Stress,acquirer_net_income,250.0
72,ma_accretion_dilution,Optimistic,target_net_income,24.0
73,ma_accretion_dilution,Base,target_net_income,24.0
74,ma_accretion_dilution,Pessimistic,target_net_income,20.0
75,ma_accretion_dilution,Stress,target_net_income,14.0
72,ma_accretion_dilution,Optimistic,after_tax_synergies,33.75
73,ma_accretion_dilution,Base,after_tax_synergies,18.75
74,ma_accretion_dilution,Pessimistic,after_tax_synergies,7.5
75,ma_accretion_dilution,Stress,after_tax_synergies,0.0
72,ma_accretion_dilution,Optimistic,after_tax_interest,9.0
73,ma_accretion_dilution,Base,after_tax_interest,10.799999999999999
74,ma_accretion_dilution,Pessimistic,after_tax_interest,15.1875
75,ma_accretion_dilution,Stress,after_tax_interest,22.5
72,ma_accretion_dilution,Optimistic,pro_forma_net_income,298.75
73,ma_accretion_dilution,Base,pro_forma_net_income,281.95
74,ma_accretion_dilution,Pessimistic,pro_forma_net_income,262.3125
75,ma_accretion_dilution,Stress,pro_forma_net_income,241.5
72,ma_accretion_dilution,Optimistic,pro_forma_eps,2.8725961538461537
73,ma_accretion_dilution,Base,pro_forma_eps,2.7110576923076923
74,ma_accretion_dilution,Pessimistic,pro_forma_eps,2.5101674641148324
75,ma_accretion_dilution,Stress,pro_forma_eps,2.3
72,ma_accretion_dilution,Optimistic,accretion_dilution_pct,0.14903846153846145
73,ma_accretion_dilution,Base,accretion_dilution_pct,0.08442307692307693
74,ma_accretion_dilution,Pessimistic,accretion_dilution_pct,0.004066985645932997
75,ma_accretion_dilution,Stress,accretion_dilution_pct,-0.08000000000000007
72,ma_accretion_dilution,Optimistic,funding_check,0.0
73,ma_accretion_dilution,Base,funding_check,0.0
74,ma_accretion_dilution,Pessimistic,funding_check,0.0
75,ma_accretion_dilution,Stress,funding_check,0.0
76,compound_interest,Optimistic,principal,10000.0
77,compound_interest,Base,principal,10000.0
78,compound_interest,Pessimistic,principal,10000.0
79,compound_interest,Stress,principal,10000.0
76,compound_interest,Optimistic,annual_rate,0.1
77,compound_interest,Base,annual_rate,0.07
78,compound_interest,Pessimistic,annual_rate,0.04
79,compound_interest,Stress,annual_rate,0.0
76,compound_interest,Optimistic,years,20.0
77,compound_interest,Base,years,20.0
78,compound_interest,Pessimistic,years,20.0
79,compound_interest,Stress,years,20.0
76,compound_interest,Optimistic,compounds_per_year,12.0
77,compound_interest,Base,compounds_per_year,12.0
78,compound_interest,Pessimistic,compounds_per_year,12.0
79,compound_interest,Stress,compounds_per_year,12.0
76,compound_interest,Optimistic,annual_contribution,2000.0
77,compound_interest,Base,annual_contribution,2000.0
78,compound_interest,Pessimistic,annual_contribution,2000.0
79,compound_interest,Stress,annual_contribution,2000.0
76,compound_interest,Optimistic,future_value,199842.20899749035
77,compound_interest,Base,future_value,127208.49846074145
78,compound_interest,Pessimistic,future_value,83354.92521798583
79,compound_interest,Stress,future_value,50000.0
76,compound_interest,Optimistic,principal_future_value,73280.73633249679
77,compound_interest,Base,principal_future_value,40387.38848982186
78,compound_interest,Pessimistic,principal_future_value,22225.820869664305
79,compound_interest,Stress,principal_future_value,10000.0
76,compound_interest,Optimistic,contribution_future_value,126561.47266499358
77,compound_interest,Base,contribution_future_value,86821.1099709196
78,compound_interest,Pessimistic,contribution_future_value,61129.104348321525
79,compound_interest,Stress,contribution_future_value,40000.0
76,compound_interest,Optimistic,total_contributed,50000.0
77,compound_interest,Base,total_contributed,50000.0
78,compound_interest,Pessimistic,total_contributed,50000.0
79,compound_interest,Stress,total_contributed,50000.0
76,compound_interest,Optimistic,compound_growth,149842.20899749035
77,compound_interest,Base,compound_growth,77208.49846074145
78,compound_interest,Pessimistic,compound_growth,33354.92521798583
79,compound_interest,Stress,compound_growth,0.0
76,compound_interest,Optimistic,effective_annual_rate,0.10471306744129683
77,compound_interest,Base,effective_annual_rate,0.0722900808562359
78,compound_interest,Pessimistic,effective_annual_rate,0.040741542919790596
79,compound_interest,Stress,effective_annual_rate,0.0
80,fisher_effect,Optimistic,nominal_rate,0.07
81,fisher_effect,Base,nominal_rate,0.06
82,fisher_effect,Pessimistic,nominal_rate,0.06
83,fisher_effect,Stress,nominal_rate,0.07
80,fisher_effect,Optimistic,expected_inflation,0.02
81,fisher_effect,Base,expected_inflation,0.03
82,fisher_effect,Pessimistic,expected_inflation,0.05
83,fisher_effect,Stress,expected_inflation,0.09
80,fisher_effect,Optimistic,real_rate,0.0490196078431373
81,fisher_effect,Base,real_rate,0.029126213592232997
82,fisher_effect,Pessimistic,real_rate,0.00952380952380949
83,fisher_effect,Stress,real_rate,-0.01834862385321101
80,fisher_effect,Optimistic,approximate_real_rate,0.05
81,fisher_effect,Base,approximate_real_rate,0.03
82,fisher_effect,Pessimistic,approximate_real_rate,0.009999999999999995
83,fisher_effect,Stress,approximate_real_rate,-0.01999999999999999
80,fisher_effect,Optimistic,approximation_error,0.0009803921568627
81,fisher_effect,Base,approximation_error,0.0008737864077670021
82,fisher_effect,Pessimistic,approximation_error,0.00047619047619050503
83,fisher_effect,Stress,approximation_error,-0.0016513761467889798
80,fisher_effect,Optimistic,gross_real_growth,1.0490196078431373
81,fisher_effect,Base,gross_real_growth,1.029126213592233
82,fisher_effect,Pessimistic,gross_real_growth,1.0095238095238095
83,fisher_effect,Stress,gross_real_growth,0.981651376146789
