effect,scenario,assets,debt_ratio,debt,equity,ebit,interest_expense,pre_tax_income,taxes,net_income,roe,initial_net_worth,asset_price_shock,collateral_multiplier,baseline_investment,investment_credit_sensitivity,existing_debt,shocked_net_worth,borrowing_capacity,external_finance_premium,investment,investment_change,initial_assets,leverage,initial_shock,margin_requirement,market_liquidity,final_price,price_decline,final_equity,forced_sales,rounds,default_flag,initial_haircut,volatility_shock,haircut_sensitivity,price_impact,ending_asset_value,ending_equity,ending_haircut,revenue,operating_expenses,tax_rate,senior_debt,senior_rate,scheduled_senior_principal,mezzanine_debt,mezzanine_rate,scheduled_mezz_principal,lp_contribution,preferred_return_rate,carry_rate,ebitda,senior_interest,senior_principal,mezzanine_interest,mezzanine_principal,lp_preferred_return,sponsor_catch_up,sponsor_carry,lp_residual,lp_distribution,sponsor_distribution,total_equity_distribution,unpaid_debt_service,face_value,coupon_rate,base_yield,maturity_years,yield_shift,frequency,initial_price,new_yield,shocked_price,price_change,price_change_pct,yield_rate,macaulay_duration,modified_duration,convexity,estimated_change_pct,exact_change_pct,approximation_error_pct,interest_rate,depreciation,capex,change_nwc,interest,taxable_income,tax,tax_shield,levered_fcf_after_interest,unlevered_fcf,pv_perpetual_tax_shield,initial_wealth,wealth_return,marginal_propensity_to_consume,baseline_consumption,ending_wealth,wealth_change,consumption_change,ending_consumption,consumption_change_pct,shock_node,initial_shock_loss,recovery_rate,capital_multiplier,liquidity_loss_rate,system_loss,defaults,capital_loss_pct,propagation_events,initial_asset_price,initial_leverage,credit_growth,rate,trigger_debt_service_ratio,price_credit_beta,tightening_strength,periods,ending_asset_price,peak_asset_price,drawdown_from_peak,ending_leverage,tightening_periods,portfolio_value,initial_safe_weight,risk_aversion_shock,reallocation_sensitivity,safe_market_depth,risky_market_depth,flow_to_safe,safe_asset_return,risky_asset_return,new_safe_weight,spread_move,equity_weight,bond_weight,cash_weight,equity_return,bond_return,cash_return,equity_contribution,bond_contribution,cash_contribution,portfolio_return,risk_asset_weight,initial_collateral,initial_debt,asset_return,haircut,procyclicality,ending_collateral,ending_debt,debt_capacity_change,existing_shares,new_shares,issue_price,return_on_proceeds,gross_proceeds,incremental_income,pro_forma_shares,existing_holder_ownership_pct,old_eps,new_eps,eps_dilution_pct,ownership_dilution_pct,acquirer_eps,acquirer_shares,target_eps,target_shares,purchase_price,debt_financing,equity_financing,pre_tax_synergies,new_shares_issued,acquirer_net_income,target_net_income,after_tax_synergies,after_tax_interest,pro_forma_net_income,pro_forma_eps,accretion_dilution_pct,funding_check,principal,annual_rate,years,compounds_per_year,annual_contribution,future_value,principal_future_value,contribution_future_value,total_contributed,compound_growth,effective_annual_rate,nominal_rate,expected_inflation,real_rate,approximate_real_rate,approximation_error,gross_real_growth
leverage_effect,Optimistic,100.0,0.0,0.0,100.0,16.0,0.0,16.0,4.0,12.0,0.12,,,,,,,,,,,,,,,,,,,,,,,,,,,,,,,,,,,,,,,,,,,,,,,,,,,,,,,,,,,,,,,,,,,,,,,,,,,,,,,,,,,,,,,,,,,,,,,,,,,,,,,,,,,,,,,,,,,,,,,,,,,,,,,,,,,,,,,,,,,,,,,,,,,,,,,,,,,,,,,,,,,,,,,,,,,,,,,,,,,,,,,,,,,,,,
leverage_effect,Optimistic,100.0,0.25,25.0,75.0,16.0,1.25,14.75,3.6875,11.0625,0.1475,,,,,,,,,,,,,,,,,,,,,,,,,,,,,,,,,,,,,,,,,,,,,,,,,,,,,,,,,,,,,,,,,,,,,,,,,,,,,,,,,,,,,,,,,,,,,,,,,,,,,,,,,,,,,,,,,,,,,,,,,,,,,,,,,,,,,,,,,,,,,,,,,,,,,,,,,,,,,,,,,,,,,,,,,,,,,,,,,,,,,,,,,,,,,,
leverage_effect,Optimistic,100.0,0.5,50.0,50.0,16.0,2.5,13.5,3.375,10.125,0.2025,,,,,,,,,,,,,,,,,,,,,,,,,,,,,,,,,,,,,,,,,,,,,,,,,,,,,,,,,,,,,,,,,,,,,,,,,,,,,,,,,,,,,,,,,,,,,,,,,,,,,,,,,,,,,,,,,,,,,,,,,,,,,,,,,,,,,,,,,,,,,,,,,,,,,,,,,,,,,,,,,,,,,,,,,,,,,,,,,,,,,,,,,,,,,,
leverage_effect,Optimistic,100.0,0.75,75.0,25.0,16.0,3.75,12.25,3.0625,9.1875,0.3675,,,,,,,,,,,,,,,,,,,,,,,,,,,,,,,,,,,,,,,,,,,,,,,,,,,,,,,,,,,,,,,,,,,,,,,,,,,,,,,,,,,,,,,,,,,,,,,,,,,,,,,,,,,,,,,,,,,,,,,,,,,,,,,,,,,,,,,,,,,,,,,,,,,,,,,,,,,,,,,,,,,,,,,,,,,,,,,,,,,,,,,,,,,,,,
leverage_effect,Base,100.0,0.0,0.0,100.0,10.0,0.0,10.0,2.5,7.5,0.075,,,,,,,,,,,,,,,,,,,,,,,,,,,,,,,,,,,,,,,,,,,,,,,,,,,,,,,,,,,,,,,,,,,,,,,,,,,,,,,,,,,,,,,,,,,,,,,,,,,,,,,,,,,,,,,,,,,,,,,,,,,,,,,,,,,,,,,,,,,,,,,,,,,,,,,,,,,,,,,,,,,,,,,,,,,,,,,,,,,,,,,,,,,,,,
leverage_effect,Base,100.0,0.25,25.0,75.0,10.0,1.5,8.5,2.125,6.375,0.085,,,,,,,,,,,,,,,,,,,,,,,,,,,,,,,,,,,,,,,,,,,,,,,,,,,,,,,,,,,,,,,,,,,,,,,,,,,,,,,,,,,,,,,,,,,,,,,,,,,,,,,,,,,,,,,,,,,,,,,,,,,,,,,,,,,,,,,,,,,,,,,,,,,,,,,,,,,,,,,,,,,,,,,,,,,,,,,,,,,,,,,,,,,,,,
leverage_effect,Base,100.0,0.5,50.0,50.0,10.0,3.0,7.0,1.75,5.25,0.105,,,,,,,,,,,,,,,,,,,,,,,,,,,,,,,,,,,,,,,,,,,,,,,,,,,,,,,,,,,,,,,,,,,,,,,,,,,,,,,,,,,,,,,,,,,,,,,,,,,,,,,,,,,,,,,,,,,,,,,,,,,,,,,,,,,,,,,,,,,,,,,,,,,,,,,,,,,,,,,,,,,,,,,,,,,,,,,,,,,,,,,,,,,,,,
leverage_effect,Base,100.0,0.75,75.0,25.0,10.0,4.5,5.5,1.375,4.125,0.165,,,,,,,,,,,,,,,,,,,,,,,,,,,,,,,,,,,,,,,,,,,,,,,,,,,,,,,,,,,,,,,,,,,,,,,,,,,,,,,,,,,,,,,,,,,,,,,,,,,,,,,,,,,,,,,,,,,,,,,,,,,,,,,,,,,,,,,,,,,,,,,,,,,,,,,,,,,,,,,,,,,,,,,,,,,,,,,,,,,,,,,,,,,,,,
leverage_effect,Pessimistic,100.0,0.0,0.0,100.0,3.0,0.0,3.0,0.75,2.25,0.0225,,,,,,,,,,,,,,,,,,,,,,,,,,,,,,,,,,,,,,,,,,,,,,,,,,,,,,,,,,,,,,,,,,,,,,,,,,,,,,,,,,,,,,,,,,,,,,,,,,,,,,,,,,,,,,,,,,,,,,,,,,,,,,,,,,,,,,,,,,,,,,,,,,,,,,,,,,,,,,,,,,,,,,,,,,,,,,,,,,,,,,,,,,,,,,
leverage_effect,Pessimistic,100.0,0.25,25.0,75.0,3.0,1.7500000000000002,1.2499999999999998,0.31249999999999994,0.9374999999999998,0.012499999999999997,,,,,,,,,,,,,,,,,,,,,,,,,,,,,,,,,,,,,,,,,,,,,,,,,,,,,,,,,,,,,,,,,,,,,,,,,,,,,,,,,,,,,,,,,,,,,,,,,,,,,,,,,,,,,,,,,,,,,,,,,,,,,,,,,,,,,,,,,,,,,,,,,,,,,,,,,,,,,,,,,,,,,,,,,,,,,,,,,,,,,,,,,,,,,,
leverage_effect,Pessimistic,100.0,0.5,50.0,50.0,3.0,3.5000000000000004,-0.5000000000000004,0.0,-0.5000000000000004,-0.010000000000000009,,,,,,,,,,,,,,,,,,,,,,,,,,,,,,,,,,,,,,,,,,,,,,,,,,,,,,,,,,,,,,,,,,,,,,,,,,,,,,,,,,,,,,,,,,,,,,,,,,,,,,,,,,,,,,,,,,,,,,,,,,,,,,,,,,,,,,,,,,,,,,,,,,,,,,,,,,,,,,,,,,,,,,,,,,,,,,,,,,,,,,,,,,,,,,
leverage_effect,Pessimistic,100.0,0.75,75.0,25.0,3.0,5.250000000000001,-2.250000000000001,0.0,-2.250000000000001,-0.09000000000000004,,,,,,,,,,,,,,,,,,,,,,,,,,,,,,,,,,,,,,,,,,,,,,,,,,,,,,,,,,,,,,,,,,,,,,,,,,,,,,,,,,,,,,,,,,,,,,,,,,,,,,,,,,,,,,,,,,,,,,,,,,,,,,,,,,,,,,,,,,,,,,,,,,,,,,,,,,,,,,,,,,,,,,,,,,,,,,,,,,,,,,,,,,,,,,
leverage_effect,Stress,100.0,0.0,0.0,100.0,-8.0,0.0,-8.0,0.0,-8.0,-0.08,,,,,,,,,,,,,,,,,,,,,,,,,,,,,,,,,,,,,,,,,,,,,,,,,,,,,,,,,,,,,,,,,,,,,,,,,,,,,,,,,,,,,,,,,,,,,,,,,,,,,,,,,,,,,,,,,,,,,,,,,,,,,,,,,,,,,,,,,,,,,,,,,,,,,,,,,,,,,,,,,,,,,,,,,,,,,,,,,,,,,,,,,,,,,,
leverage_effect,Stress,100.0,0.25,25.0,75.0,-8.0,2.25,-10.25,0.0,-10.25,-0.13666666666666666,,,,,,,,,,,,,,,,,,,,,,,,,,,,,,,,,,,,,,,,,,,,,,,,,,,,,,,,,,,,,,,,,,,,,,,,,,,,,,,,,,,,,,,,,,,,,,,,,,,,,,,,,,,,,,,,,,,,,,,,,,,,,,,,,,,,,,,,,,,,,,,,,,,,,,,,,,,,,,,,,,,,,,,,,,,,,,,,,,,,,,,,,,,,,,
leverage_effect,Stress,100.0,0.5,50.0,50.0,-8.0,4.5,-12.5,0.0,-12.5,-0.25,,,,,,,,,,,,,,,,,,,,,,,,,,,,,,,,,,,,,,,,,,,,,,,,,,,,,,,,,,,,,,,,,,,,,,,,,,,,,,,,,,,,,,,,,,,,,,,,,,,,,,,,,,,,,,,,,,,,,,,,,,,,,,,,,,,,,,,,,,,,,,,,,,,,,,,,,,,,,,,,,,,,,,,,,,,,,,,,,,,,,,,,,,,,,,
leverage_effect,Stress,100.0,0.75,75.0,25.0,-8.0,6.75,-14.75,0.0,-14.75,-0.59,,,,,,,,,,,,,,,,,,,,,,,,,,,,,,,,,,,,,,,,,,,,,,,,,,,,,,,,,,,,,,,,,,,,,,,,,,,,,,,,,,,,,,,,,,,,,,,,,,,,,,,,,,,,,,,,,,,,,,,,,,,,,,,,,,,,,,,,,,,,,,,,,,,,,,,,,,,,,,,,,,,,,,,,,,,,,,,,,,,,,,,,,,,,,,
financial_accelerator,Optimistic,,,,,,,,,,,50.0,0.2,2.5,20.0,0.35,50.0,60.0,100.0,0.04,55.0,35.0,,,,,,,,,,,,,,,,,,,,,,,,,,,,,,,,,,,,,,,,,,,,,,,,,,,,,,,,,,,,,,,,,,,,,,,,,,,,,,,,,,,,,,,,,,,,,,,,,,,,,,,,,,,,,,,,,,,,,,,,,,,,,,,,,,,,,,,,,,,,,,,,,,,,,,,,,,,,,,,,,,,,,,,,,,,,,,,,,,,
financial_accelerator,Base,,,,,,,,,,,50.0,0.0,2.5,20.0,0.35,50.0,50.0,75.0,0.04,46.25,26.25,,,,,,,,,,,,,,,,,,,,,,,,,,,,,,,,,,,,,,,,,,,,,,,,,,,,,,,,,,,,,,,,,,,,,,,,,,,,,,,,,,,,,,,,,,,,,,,,,,,,,,,,,,,,,,,,,,,,,,,,,,,,,,,,,,,,,,,,,,,,,,,,,,,,,,,,,,,,,,,,,,,,,,,,,,,,,,,,,,,
financial_accelerator,Pessimistic,,,,,,,,,,,50.0,-0.2,2.3,20.0,0.35,50.0,40.0,42.0,0.055999999999999994,34.7,14.700000000000003,,,,,,,,,,,,,,,,,,,,,,,,,,,,,,,,,,,,,,,,,,,,,,,,,,,,,,,,,,,,,,,,,,,,,,,,,,,,,,,,,,,,,,,,,,,,,,,,,,,,,,,,,,,,,,,,,,,,,,,,,,,,,,,,,,,,,,,,,,,,,,,,,,,,,,,,,,,,,,,,,,,,,,,,,,,,,,,,,,,
financial_accelerator,Stress,,,,,,,,,,,50.0,-0.4,2.0,20.0,0.35,50.0,30.0,10.0,0.07200000000000001,23.5,3.5,,,,,,,,,,,,,,,,,,,,,,,,,,,,,,,,,,,,,,,,,,,,,,,,,,,,,,,,,,,,,,,,,,,,,,,,,,,,,,,,,,,,,,,,,,,,,,,,,,,,,,,,,,,,,,,,,,,,,,,,,,,,,,,,,,,,,,,,,,,,,,,,,,,,,,,,,,,,,,,,,,,,,,,,,,,,,,,,,,,
liquidity_spiral,Optimistic,,,,,,,,,,,,,,,,,,,,,,100.0,2.0,0.02,0.2,1.5,0.98,0.020000000000000018,48.0,0.0,0.0,0.0,,,,,,,,,,,,,,,,,,,,,,,,,,,,,,,,,,,,,,,,,,,,,,,,,,,,,,,,,,,,,,,,,,,,,,,,,,,,,,,,,,,,,,,,,,,,,,,,,,,,,,,,,,,,,,,,,,,,,,,,,,,,,,,,,,,,,,,,,,,,,,,,,,,,,,,,,,,,,,,,,,,,,,,,
liquidity_spiral,Base,,,,,,,,,,,,,,,,,,,,,,100.0,3.0,0.05,0.25,1.0,0.95,0.050000000000000044,28.333333333333343,0.0,0.0,0.0,,,,,,,,,,,,,,,,,,,,,,,,,,,,,,,,,,,,,,,,,,,,,,,,,,,,,,,,,,,,,,,,,,,,,,,,,,,,,,,,,,,,,,,,,,,,,,,,,,,,,,,,,,,,,,,,,,,,,,,,,,,,,,,,,,,,,,,,,,,,,,,,,,,,,,,,,,,,,,,,,,,,,,,,
liquidity_spiral,Pessimistic,,,,,,,,,,,,,,,,,,,,,,100.0,4.0,0.1,0.25,0.75,0.055555555555555636,0.9444444444444444,-11.666666666666671,100.0,2.0,1.0,,,,,,,,,,,,,,,,,,,,,,,,,,,,,,,,,,,,,,,,,,,,,,,,,,,,,,,,,,,,,,,,,,,,,,,,,,,,,,,,,,,,,,,,,,,,,,,,,,,,,,,,,,,,,,,,,,,,,,,,,,,,,,,,,,,,,,,,,,,,,,,,,,,,,,,,,,,,,,,,,,,,,,,,
liquidity_spiral,Stress,,,,,,,,,,,,,,,,,,,,,,100.0,5.0,0.18,0.3,0.45,0.03359259259259262,0.9664074074074074,-4.3333333333333375,100.0,2.0,1.0,,,,,,,,,,,,,,,,,,,,,,,,,,,,,,,,,,,,,,,,,,,,,,,,,,,,,,,,,,,,,,,,,,,,,,,,,,,,,,,,,,,,,,,,,,,,,,,,,,,,,,,,,,,,,,,,,,,,,,,,,,,,,,,,,,,,,,,,,,,,,,,,,,,,,,,,,,,,,,,,,,,,,,,,
margin_spiral,Optimistic,,,65.0,,,,,,,,,,,,,,,,,,,100.0,,,,,,,,0.0,0.0,,0.2,0.02,0.2,0.05,98.0,33.0,0.20400000000000001,,,,,,,,,,,,,,,,,,,,,,,,,,,,,,,,,,,,,,,,,,,,,,,,,,,,,,,,,,,,,,,,,,,,,,,,,,,,,,,,,,,,,,,,,,,,,,,,,,,,,,,,,,,,,,,,,,,,,,,,,,,,,,,,,,,,,,,,,,,,,,,,,,,,,,,,,,,,,,,,,
margin_spiral,Base,,,75.0,,,,,,,,,,,,,,,,,,,100.0,,,,,,,,12.866681929405926,8.0,,0.2,0.06,0.3,0.1,79.86228272748079,17.71475297522553,0.22185574107432343,,,,,,,,,,,,,,,,,,,,,,,,,,,,,,,,,,,,,,,,,,,,,,,,,,,,,,,,,,,,,,,,,,,,,,,,,,,,,,,,,,,,,,,,,,,,,,,,,,,,,,,,,,,,,,,,,,,,,,,,,,,,,,,,,,,,,,,,,,,,,,,,,,,,,,,,,,,,,,,,,
margin_spiral,Pessimistic,,,78.0,,,,,,,,,,,,,,,,,,,100.0,,,,,,,,76.84113950565563,2.0,,0.2,0.12,0.4,0.2,0.0,-1.1588604943443706,0.3094729116045245,,,,,,,,,,,,,,,,,,,,,,,,,,,,,,,,,,,,,,,,,,,,,,,,,,,,,,,,,,,,,,,,,,,,,,,,,,,,,,,,,,,,,,,,,,,,,,,,,,,,,,,,,,,,,,,,,,,,,,,,,,,,,,,,,,,,,,,,,,,,,,,,,,,,,,,,,,,,,,,,,
margin_spiral,Stress,,,80.0,,,,,,,,,,,,,,,,,,,100.0,,,,,,,,80.0,1.0,,0.2,0.2,0.55,0.4,0.0,0.0,0.48600000000000004,,,,,,,,,,,,,,,,,,,,,,,,,,,,,,,,,,,,,,,,,,,,,,,,,,,,,,,,,,,,,,,,,,,,,,,,,,,,,,,,,,,,,,,,,,,,,,,,,,,,,,,,,,,,,,,,,,,,,,,,,,,,,,,,,,,,,,,,,,,,,,,,,,,,,,,,,,,,,,,,,
cash_flow_waterfall,Optimistic,,,,,,,,22.55,,,,,,,,,,,,,,,,,,,,,,,,,,,,,,,,180.0,75.0,0.25,180.0,0.06,20.0,40.0,0.1,5.0,100.0,0.08,0.2,105.0,10.799999999999999,20.0,4.0,5.0,8.0,2.0,6.530000000000001,26.120000000000005,34.120000000000005,8.530000000000001,42.650000000000006,0.0,,,,,,,,,,,,,,,,,,,,,,,,,,,,,,,,,,,,,,,,,,,,,,,,,,,,,,,,,,,,,,,,,,,,,,,,,,,,,,,,,,,,,,,,,,,,,,,,,,,,,,,,,,,,,,,,,,,,,,,,,,,,,,,,,,,,,,,,
cash_flow_waterfall,Base,,,,,,,,16.5,,,,,,,,,,,,,,,,,,,,,,,,,,,,,,,,155.0,72.0,0.25,180.0,0.07,20.0,40.0,0.11,5.0,100.0,0.08,0.2,83.0,12.600000000000001,20.0,4.4,5.0,8.0,2.0,2.9000000000000004,11.600000000000001,19.6,4.9,24.5,0.0,,,,,,,,,,,,,,,,,,,,,,,,,,,,,,,,,,,,,,,,,,,,,,,,,,,,,,,,,,,,,,,,,,,,,,,,,,,,,,,,,,,,,,,,,,,,,,,,,,,,,,,,,,,,,,,,,,,,,,,,,,,,,,,,,,,,,,,,
cash_flow_waterfall,Pessimistic,,,,,,,,10.200000000000001,,,,,,,,,,,,,,,,,,,,,,,,,,,,,,,,130.0,70.0,0.25,180.0,0.08,20.0,40.0,0.12,5.0,100.0,0.08,0.2,60.0,14.4,20.0,4.8,5.0,5.599999999999998,0.0,0.0,0.0,5.599999999999998,0.0,5.599999999999998,0.0,,,,,,,,,,,,,,,,,,,,,,,,,,,,,,,,,,,,,,,,,,,,,,,,,,,,,,,,,,,,,,,,,,,,,,,,,,,,,,,,,,,,,,,,,,,,,,,,,,,,,,,,,,,,,,,,,,,,,,,,,,,,,,,,,,,,,,,,
cash_flow_waterfall,Stress,,,,,,,,0.8499999999999999,,,,,,,,,,,,,,,,,,,,,,,,,,,,,,,,95.0,68.0,0.25,180.0,0.1,20.0,40.0,0.14,5.0,100.0,0.08,0.2,27.0,18.0,8.149999999999999,0.0,0.0,0.0,0.0,0.0,0.0,0.0,0.0,0.0,5.6000000000000005,,,,,,,,,,,,,,,,,,,,,,,,,,,,,,,,,,,,,,,,,,,,,,,,,,,,,,,,,,,,,,,,,,,,,,,,,,,,,,,,,,,,,,,,,,,,,,,,,,,,,,,,,,,,,,,,,,,,,,,,,,,,,,,,,,,,,,,,
interest_rate_effect,Optimistic,,,,,,,,,,,,,,,,,,,,,,,,,,,,,,,,,,,,,,,,,,,,,,,,,,,,,,,,,,,,,,,,,1000.0,0.05,0.05,10.0,-0.02,2.0,1000.0000000000016,0.030000000000000002,1171.6863878508211,171.68638785081953,0.17168638785081924,,,,,,,,,,,,,,,,,,,,,,,,,,,,,,,,,,,,,,,,,,,,,,,,,,,,,,,,,,,,,,,,,,,,,,,,,,,,,,,,,,,,,,,,,,,,,,,,,,,,,,,,,,,,,,,,,,,,,,,,,,,,,
interest_rate_effect,Base,,,,,,,,,,,,,,,,,,,,,,,,,,,,,,,,,,,,,,,,,,,,,,,,,,,,,,,,,,,,,,,,,1000.0,0.05,0.05,10.0,0.0,2.0,1000.0000000000016,0.05,1000.0000000000016,0.0,0.0,,,,,,,,,,,,,,,,,,,,,,,,,,,,,,,,,,,,,,,,,,,,,,,,,,,,,,,,,,,,,,,,,,,,,,,,,,,,,,,,,,,,,,,,,,,,,,,,,,,,,,,,,,,,,,,,,,,,,,,,,,,,,
interest_rate_effect,Pessimistic,,,,,,,,,,,,,,,,,,,,,,,,,,,,,,,,,,,,,,,,,,,,,,,,,,,,,,,,,,,,,,,,,1000.0,0.05,0.05,10.0,0.01,2.0,1000.0000000000016,0.060000000000000005,925.6126256977221,-74.38737430227945,-0.07438737430227937,,,,,,,,,,,,,,,,,,,,,,,,,,,,,,,,,,,,,,,,,,,,,,,,,,,,,,,,,,,,,,,,,,,,,,,,,,,,,,,,,,,,,,,,,,,,,,,,,,,,,,,,,,,,,,,,,,,,,,,,,,,,,
interest_rate_effect,Stress,,,,,,,,,,,,,,,,,,,,,,,,,,,,,,,,,,,,,,,,,,,,,,,,,,,,,,,,,,,,,,,,,1000.0,0.05,0.05,10.0,0.02,2.0,1000.0000000000016,0.07,857.8759669804781,-142.1240330195235,-0.14212403301952325,,,,,,,,,,,,,,,,,,,,,,,,,,,,,,,,,,,,,,,,,,,,,,,,,,,,,,,,,,,,,,,,,,,,,,,,,,,,,,,,,,,,,,,,,,,,,,,,,,,,,,,,,,,,,,,,,,,,,,,,,,,,,
duration_effect,Optimistic,,,,,,,,,,,,,,,,,,,,,,,,,,,,,,,,,,,,,,,,,,,,,,,,,,,,,,,,,,,,,,,,,1000.0,0.04,,10.0,-0.02,2.0,922.0541885717672,,1085.8431939254115,,,0.05,8.25558683771478,8.054231061185153,77.11167529123058,0.17650695628194918,0.177634901921923,-0.0011279456399738153,,,,,,,,,,,,,,,,,,,,,,,,,,,,,,,,,,,,,,,,,,,,,,,,,,,,,,,,,,,,,,,,,,,,,,,,,,,,,,,,,,,,,,,,,,,,,,,,,,,,,,,,,,,,,,,,,,,,,,
duration_effect,Base,,,,,,,,,,,,,,,,,,,,,,,,,,,,,,,,,,,,,,,,,,,,,,,,,,,,,,,,,,,,,,,,,1000.0,0.04,,10.0,0.0,2.0,922.0541885717672,,922.0541885717672,,,0.05,8.25558683771478,8.054231061185153,77.11167529123058,0.0,0.0,0.0,,,,,,,,,,,,,,,,,,,,,,,,,,,,,,,,,,,,,,,,,,,,,,,,,,,,,,,,,,,,,,,,,,,,,,,,,,,,,,,,,,,,,,,,,,,,,,,,,,,,,,,,,,,,,,,,,,,,,,
duration_effect,Pessimistic,,,,,,,,,,,,,,,,,,,,,,,,,,,,,,,,,,,,,,,,,,,,,,,,,,,,,,,,,,,,,,,,,1000.0,0.04,,10.0,0.01,2.0,922.0541885717672,,851.2252513954445,,,0.05,8.25558683771478,8.054231061185153,77.11167529123058,-0.07668672684729,-0.07681645835374873,0.0001297315064587301,,,,,,,,,,,,,,,,,,,,,,,,,,,,,,,,,,,,,,,,,,,,,,,,,,,,,,,,,,,,,,,,,,,,,,,,,,,,,,,,,,,,,,,,,,,,,,,,,,,,,,,,,,,,,,,,,,,,,,
duration_effect,Stress,,,,,,,,,,,,,,,,,,,,,,,,,,,,,,,,,,,,,,,,,,,,,,,,,,,,,,,,,,,,,,,,,1000.0,0.04,,10.0,0.02,2.0,922.0541885717672,,786.8139504707166,,,0.05,8.25558683771478,8.054231061185153,77.11167529123058,-0.14566228616545696,-0.14667276584962263,0.0010104796841656771,,,,,,,,,,,,,,,,,,,,,,,,,,,,,,,,,,,,,,,,,,,,,,,,,,,,,,,,,,,,,,,,,,,,,,,,,,,,,,,,,,,,,,,,,,,,,,,,,,,,,,,,,,,,,,,,,,,,,,
tax_shield,Optimistic,,,100.0,,35.0,,,,22.5,,,,,,,,,,,,,,,,,,,,,,,,,,,,,,,,,0.25,,,,,,,,,,,,,,,,,,,,,,,,,,,,,,,,,,,,,,,,,0.05,5.0,7.0,2.0,5.0,30.0,7.5,1.25,18.5,22.25,25.0,,,,,,,,,,,,,,,,,,,,,,,,,,,,,,,,,,,,,,,,,,,,,,,,,,,,,,,,,,,,,,,,,,,,,,,,,,,,,,,,,,,,,,,,,,,,,,,,,,,,,,,,,,,
tax_shield,Base,,,100.0,,25.0,,,,14.25,,,,,,,,,,,,,,,,,,,,,,,,,,,,,,,,,0.25,,,,,,,,,,,,,,,,,,,,,,,,,,,,,,,,,,,,,,,,,0.06,5.0,7.0,2.0,6.0,19.0,4.75,1.5,10.25,14.75,25.0,,,,,,,,,,,,,,,,,,,,,,,,,,,,,,,,,,,,,,,,,,,,,,,,,,,,,,,,,,,,,,,,,,,,,,,,,,,,,,,,,,,,,,,,,,,,,,,,,,,,,,,,,,,
tax_shield,Pessimistic,,,100.0,,15.0,,,,5.25,,,,,,,,,,,,,,,,,,,,,,,,,,,,,,,,,0.25,,,,,,,,,,,,,,,,,,,,,,,,,,,,,,,,,,,,,,,,,0.08,5.0,7.0,2.0,8.0,7.0,1.75,2.0,1.25,7.25,25.0,,,,,,,,,,,,,,,,,,,,,,,,,,,,,,,,,,,,,,,,,,,,,,,,,,,,,,,,,,,,,,,,,,,,,,,,,,,,,,,,,,,,,,,,,,,,,,,,,,,,,,,,,,,
tax_shield,Stress,,,100.0,,5.0,,,,-5.0,,,,,,,,,,,,,,,,,,,,,,,,,,,,,,,,,0.25,,,,,,,,,,,,,,,,,,,,,,,,,,,,,,,,,,,,,,,,,0.1,5.0,7.0,2.0,10.0,0.0,0.0,1.25,-9.0,-0.25,25.0,,,,,,,,,,,,,,,,,,,,,,,,,,,,,,,,,,,,,,,,,,,,,,,,,,,,,,,,,,,,,,,,,,,,,,,,,,,,,,,,,,,,,,,,,,,,,,,,,,,,,,,,,,,
wealth_effect,Optimistic,,,,,,,,,,,,,,,,,,,,,,,,,,,,,,,,,,,,,,,,,,,,,,,,,,,,,,,,,,,,,,,,,,,,,,,,,,,,,,,,,,,,,,,,,,,,,,500.0,0.2,0.04,80.0,600.0,100.0,4.0,84.0,0.05,,,,,,,,,,,,,,,,,,,,,,,,,,,,,,,,,,,,,,,,,,,,,,,,,,,,,,,,,,,,,,,,,,,,,,,,,,,,,,,,,,,,,,,,,,,,,,,,,,
wealth_effect,Base,,,,,,,,,,,,,,,,,,,,,,,,,,,,,,,,,,,,,,,,,,,,,,,,,,,,,,,,,,,,,,,,,,,,,,,,,,,,,,,,,,,,,,,,,,,,,,500.0,0.05,0.04,80.0,525.0,25.0,1.0,81.0,0.0125,,,,,,,,,,,,,,,,,,,,,,,,,,,,,,,,,,,,,,,,,,,,,,,,,,,,,,,,,,,,,,,,,,,,,,,,,,,,,,,,,,,,,,,,,,,,,,,,,,
wealth_effect,Pessimistic,,,,,,,,,,,,,,,,,,,,,,,,,,,,,,,,,,,,,,,,,,,,,,,,,,,,,,,,,,,,,,,,,,,,,,,,,,,,,,,,,,,,,,,,,,,,,,500.0,-0.1,0.04,80.0,450.0,-50.0,-2.0,78.0,-0.025,,,,,,,,,,,,,,,,,,,,,,,,,,,,,,,,,,,,,,,,,,,,,,,,,,,,,,,,,,,,,,,,,,,,,,,,,,,,,,,,,,,,,,,,,,,,,,,,,,
wealth_effect,Stress,,,,,,,,,,,,,,,,,,,,,,,,,,,,,,,,,,,,,,,,,,,,,,,,,,,,,,,,,,,,,,,,,,,,,,,,,,,,,,,,,,,,,,,,,,,,,,500.0,-0.3,0.04,80.0,350.0,-150.0,-6.0,74.0,-0.075,,,,,,,,,,,,,,,,,,,,,,,,,,,,,,,,,,,,,,,,,,,,,,,,,,,,,,,,,,,,,,,,,,,,,,,,,,,,,,,,,,,,,,,,,,,,,,,,,,
contagion_effect,Optimistic,,,,,,,,,,,,,,,,,,,,,,,,,,,,,,,,,,,,,,,,,,,,,,,,,,,,,,,,,,,,,,,,,,,,,,,,,,,,,,,,,,,,,,,,,,,,,,,,,,,,,,,5.0,4.0,0.7,1.25,0.0,5.800000000000001,1.0,0.08592592592592593,4.0,,,,,,,,,,,,,,,,,,,,,,,,,,,,,,,,,,,,,,,,,,,,,,,,,,,,,,,,,,,,,,,,,,,,,,,,,,,,,,,,,,,,,,,,,
contagion_effect,Base,,,,,,,,,,,,,,,,,,,,,,,,,,,,,,,,,,,,,,,,,,,,,,,,,,,,,,,,,,,,,,,,,,,,,,,,,,,,,,,,,,,,,,,,,,,,,,,,,,,,,,,5.0,6.0,0.5,1.0,0.2,10.2,1.0,0.18888888888888888,4.0,,,,,,,,,,,,,,,,,,,,,,,,,,,,,,,,,,,,,,,,,,,,,,,,,,,,,,,,,,,,,,,,,,,,,,,,,,,,,,,,,,,,,,,,,
contagion_effect,Pessimistic,,,,,,,,,,,,,,,,,,,,,,,,,,,,,,,,,,,,,,,,,,,,,,,,,,,,,,,,,,,,,,,,,,,,,,,,,,,,,,,,,,,,,,,,,,,,,,,,,,,,,,,5.0,8.0,0.3,0.85,0.5,15.2,1.0,0.3311546840958605,4.0,,,,,,,,,,,,,,,,,,,,,,,,,,,,,,,,,,,,,,,,,,,,,,,,,,,,,,,,,,,,,,,,,,,,,,,,,,,,,,,,,,,,,,,,,
contagion_effect,Stress,,,,,,,,,,,,,,,,,,,,,,,,,,,,,,,,,,,,,,,,,,,,,,,,,,,,,,,,,,,,,,,,,,,,,,,,,,,,,,,,,,,,,,,,,,,,,,,,,,,,,,,5.0,12.0,0.1,0.65,1.0,23.4,1.0,0.6666666666666666,4.0,,,,,,,,,,,,,,,,,,,,,,,,,,,,,,,,,,,,,,,,,,,,,,,,,,,,,,,,,,,,,,,,,,,,,,,,,,,,,,,,,,,,,,,,,
minsky_moment,Optimistic,,,,,,,,,,,,,,,,,,,,,,,,,,,,,,,,,,,,,,,,,,,,,,,,,,,,,,,,,,,,,,,,,,,,,,,,,,,,,,,,,,,,,,,,,,,,,,,,,,,,,,,,,,,,,,,,100.0,1.8,0.03,0.03,0.7,0.8,0.05,12.0,134.36356947106276,134.36356947106276,0.0,2.269442932724309,0.0,,,,,,,,,,,,,,,,,,,,,,,,,,,,,,,,,,,,,,,,,,,,,,,,,,,,,,,,,,,,,,,,,,,,,,,,,,,,
minsky_moment,Base,,,,,,,,,,,,,,,,,,,,,,,,,,,,,,,,,,,,,,,,,,,,,,,,,,,,,,,,,,,,,,,,,,,,,,,,,,,,,,,,,,,,,,,,,,,,,,,,,,,,,,,,,,,,,,,,100.0,2.5,0.05,0.035,0.8,0.8,0.05,12.0,164.4464556677569,164.4464556677569,0.0,3.6696169455544765,0.0,,,,,,,,,,,,,,,,,,,,,,,,,,,,,,,,,,,,,,,,,,,,,,,,,,,,,,,,,,,,,,,,,,,,,,,,,,,,
minsky_moment,Pessimistic,,,,,,,,,,,,,,,,,,,,,,,,,,,,,,,,,,,,,,,,,,,,,,,,,,,,,,,,,,,,,,,,,,,,,,,,,,,,,,,,,,,,,,,,,,,,,,,,,,,,,,,,,,,,,,,,100.0,3.0,0.08,0.04,0.75,0.9,0.1,12.0,32.055885788577015,124.57236824380958,-0.7426725826883365,1.907537006235006,9.0,,,,,,,,,,,,,,,,,,,,,,,,,,,,,,,,,,,,,,,,,,,,,,,,,,,,,,,,,,,,,,,,,,,,,,,,,,,,
minsky_moment,Stress,,,,,,,,,,,,,,,,,,,,,,,,,,,,,,,,,,,,,,,,,,,,,,,,,,,,,,,,,,,,,,,,,,,,,,,,,,,,,,,,,,,,,,,,,,,,,,,,,,,,,,,,,,,,,,,,100.0,4.0,0.12,0.05,1.1,1.0,0.15,12.0,6.831813945353639,112.77615999999999,-0.9394214704122428,1.3950766459266344,11.0,,,,,,,,,,,,,,,,,,,,,,,,,,,,,,,,,,,,,,,,,,,,,,,,,,,,,,,,,,,,,,,,,,,,,,,,,,,,
flight_to_safety,Optimistic,,,,,,,,,,,,,,,,,,,,,,,,,,,,,,,,,,,,,,,,,,,,,,,,,,,,,,,,,,,,,,,,,,,,,,,,,,,,,,,,,,,,,,,,,,,,,,,,,,,,,,,,,,,,,,,,,,,,,,,,,,,,,100.0,0.3,0.0,0.8,1500.0,1000.0,0.0,0.0,0.0,0.3,0.0,,,,,,,,,,,,,,,,,,,,,,,,,,,,,,,,,,,,,,,,,,,,,,,,,,,,,,,,,,,,,,,,,
flight_to_safety,Base,,,,,,,,,,,,,,,,,,,,,,,,,,,,,,,,,,,,,,,,,,,,,,,,,,,,,,,,,,,,,,,,,,,,,,,,,,,,,,,,,,,,,,,,,,,,,,,,,,,,,,,,,,,,,,,,,,,,,,,,,,,,,100.0,0.3,0.05,0.8,1200.0,900.0,4.0,0.0033333333333333335,-0.0044444444444444444,0.34,0.0077777777777777776,,,,,,,,,,,,,,,,,,,,,,,,,,,,,,,,,,,,,,,,,,,,,,,,,,,,,,,,,,,,,,,,,
flight_to_safety,Pessimistic,,,,,,,,,,,,,,,,,,,,,,,,,,,,,,,,,,,,,,,,,,,,,,,,,,,,,,,,,,,,,,,,,,,,,,,,,,,,,,,,,,,,,,,,,,,,,,,,,,,,,,,,,,,,,,,,,,,,,,,,,,,,,100.0,0.3,0.12,0.8,900.0,700.0,9.600000000000001,0.010666666666666668,-0.013714285714285717,0.396,0.024380952380952385,,,,,,,,,,,,,,,,,,,,,,,,,,,,,,,,,,,,,,,,,,,,,,,,,,,,,,,,,,,,,,,,,
flight_to_safety,Stress,,,,,,,,,,,,,,,,,,,,,,,,,,,,,,,,,,,,,,,,,,,,,,,,,,,,,,,,,,,,,,,,,,,,,,,,,,,,,,,,,,,,,,,,,,,,,,,,,,,,,,,,,,,,,,,,,,,,,,,,,,,,,100.0,0.3,0.25,0.8,600.0,450.0,20.0,0.03333333333333333,-0.044444444444444446,0.5,0.07777777777777778,,,,,,,,,,,,,,,,,,,,,,,,,,,,,,,,,,,,,,,,,,,,,,,,,,,,,,,,,,,,,,,,,
risk_on_risk_off,Optimistic,,,,,,,,,,,,,,,,,,,,,,,,,,,,,,,,,,,,,,,,,,,,,,,,,,,,,,,,,,,,,,,,,,,,,,,,,,,,,,,,,,,,,,,,,,,,,,,,,,,,,,,,,,,,,,,,,,,,,,,,,,,,,,,,,,,,,,,,0.7,0.2,0.1,0.15,-0.01,0.02,0.105,-0.002,0.002,0.105,0.7,,,,,,,,,,,,,,,,,,,,,,,,,,,,,,,,,,,,,,,,,,,,,,,,,,,,,,
risk_on_risk_off,Base,,,,,,,,,,,,,,,,,,,,,,,,,,,,,,,,,,,,,,,,,,,,,,,,,,,,,,,,,,,,,,,,,,,,,,,,,,,,,,,,,,,,,,,,,,,,,,,,,,,,,,,,,,,,,,,,,,,,,,,,,,,,,,,,,,,,,,,,0.6,0.3,0.1,0.07,0.03,0.02,0.042,0.009,0.002,0.053000000000000005,0.6,,,,,,,,,,,,,,,,,,,,,,,,,,,,,,,,,,,,,,,,,,,,,,,,,,,,,,
risk_on_risk_off,Pessimistic,,,,,,,,,,,,,,,,,,,,,,,,,,,,,,,,,,,,,,,,,,,,,,,,,,,,,,,,,,,,,,,,,,,,,,,,,,,,,,,,,,,,,,,,,,,,,,,,,,,,,,,,,,,,,,,,,,,,,,,,,,,,,,,,,,,,,,,,0.45,0.45,0.1,-0.1,0.06,0.02,-0.045000000000000005,0.027,0.002,-0.016000000000000007,0.45,,,,,,,,,,,,,,,,,,,,,,,,,,,,,,,,,,,,,,,,,,,,,,,,,,,,,,
risk_on_risk_off,Stress,,,,,,,,,,,,,,,,,,,,,,,,,,,,,,,,,,,,,,,,,,,,,,,,,,,,,,,,,,,,,,,,,,,,,,,,,,,,,,,,,,,,,,,,,,,,,,,,,,,,,,,,,,,,,,,,,,,,,,,,,,,,,,,,,,,,,,,,0.3,0.6,0.1,-0.25,0.1,0.02,-0.075,0.06,0.002,-0.013,0.3,,,,,,,,,,,,,,,,,,,,,,,,,,,,,,,,,,,,,,,,,,,,,,,,,,,,,,
leverage_cycle,Optimistic,,,,,,,,,,,,,,,,,,,,,,,,,,,,,,,,,,,,,,,0.19,,,,,,,,,,,,,,,,,,,,,,,,,,,,,,,,,,,,,,,,,,,,,,,,,,,,,,,,,,,,,,,,,,,,,,,,,,,,,,,,8.0,,,,4.3896694712310715,,,,,,,,,,,,,,,,,,,,,,,,100.0,70.0,0.1,0.25,0.6,214.3588810000002,165.52630205416813,103.63069361000018,,,,,,,,,,,,,,,,,,,,,,,,,,,,,,,,,,,,,,,,,,,,,,
leverage_cycle,Base,,,,,,,,,,,,,,,,,,,,,,,,,,,,,,,,,,,,,,,0.238,,,,,,,,,,,,,,,,,,,,,,,,,,,,,,,,,,,,,,,,,,,,,,,,,,,,,,,,,,,,,,,,,,,,,,,,,,,,,,,,8.0,,,,4.065510331880976,,,,,,,,,,,,,,,,,,,,,,,,100.0,70.0,0.02,0.25,0.6,117.16593810022657,88.34644717889424,19.280444832372652,,,,,,,,,,,,,,,,,,,,,,,,,,,,,,,,,,,,,,,,,,,,,,
leverage_cycle,Pessimistic,,,,,,,,,,,,,,,,,,,,,,,,,,,,,,,,,,,,,,,0.28,,,,,,,,,,,,,,,,,,,,,,,,,,,,,,,,,,,,,,,,,,,,,,,,,,,,,,,,,,,,,,,,,,,,,,,,,,,,,,,,8.0,,,,3.860796409539009,,,,,,,,,,,,,,,,,,,,,,,,100.0,70.0,-0.05,0.25,0.6,66.34204312890623,49.158530689609364,-22.233728947187515,,,,,,,,,,,,,,,,,,,,,,,,,,,,,,,,,,,,,,,,,,,,,,
leverage_cycle,Stress,,,,,,,,,,,,,,,,,,,,,,,,,,,,,,,,,,,,,,,0.346,,,,,,,,,,,,,,,,,,,,,,,,,,,,,,,,,,,,,,,,,,,,,,,,,,,,,,,,,,,,,,,,,,,,,,,,,,,,,,,,8.0,,,,3.399311324259854,,,,,,,,,,,,,,,,,,,,,,,,100.0,70.0,-0.12,0.25,0.8,35.96345248055296,25.383823535156665,-46.479902077718364,,,,,,,,,,,,,,,,,,,,,,,,,,,,,,,,,,,,,,,,,,,,,,
dilution_effect,Optimistic,,,,,,,,,100.0,,,,,,,,,,,,,,,,,,,,,,,,,,,,,,,,,,,,,,,,,,,,,,,,,,,,,,,,,,,,,,,,,,,,,,,,,,,,,,,,,,,,,,,,,,,,,,,,,,,,,,,,,,,,,,,,,,,,,,,,,,,,,,,,,,,,,,,,,,,,,,,,,,100.0,10.0,20.0,0.08,200.0,16.0,110.0,0.9090909090909091,1.0,1.0545454545454545,0.05454545454545445,-0.09090909090909094,,,,,,,,,,,,,,,,,,,,,,,,,,,,,,,,,,
dilution_effect,Base,,,,,,,,,100.0,,,,,,,,,,,,,,,,,,,,,,,,,,,,,,,,,,,,,,,,,,,,,,,,,,,,,,,,,,,,,,,,,,,,,,,,,,,,,,,,,,,,,,,,,,,,,,,,,,,,,,,,,,,,,,,,,,,,,,,,,,,,,,,,,,,,,,,,,,,,,,,,,,100.0,20.0,20.0,0.04,400.0,16.0,120.0,0.8333333333333334,1.0,0.9666666666666667,-0.033333333333333326,-0.16666666666666663,,,,,,,,,,,,,,,,,,,,,,,,,,,,,,,,,,
dilution_effect,Pessimistic,,,,,,,,,90.0,,,,,,,,,,,,,,,,,,,,,,,,,,,,,,,,,,,,,,,,,,,,,,,,,,,,,,,,,,,,,,,,,,,,,,,,,,,,,,,,,,,,,,,,,,,,,,,,,,,,,,,,,,,,,,,,,,,,,,,,,,,,,,,,,,,,,,,,,,,,,,,,,,100.0,30.0,17.0,0.02,510.0,10.200000000000001,130.0,0.7692307692307693,0.9,0.7707692307692308,-0.14358974358974363,-0.23076923076923073,,,,,,,,,,,,,,,,,,,,,,,,,,,,,,,,,,
dilution_effect,Stress,,,,,,,,,75.0,,,,,,,,,,,,,,,,,,,,,,,,,,,,,,,,,,,,,,,,,,,,,,,,,,,,,,,,,,,,,,,,,,,,,,,,,,,,,,,,,,,,,,,,,,,,,,,,,,,,,,,,,,,,,,,,,,,,,,,,,,,,,,,,,,,,,,,,,,,,,,,,,,100.0,50.0,12.0,0.0,600.0,0.0,150.0,0.6666666666666666,0.75,0.5,-0.33333333333333337,-0.33333333333333337,,,,,,,,,,,,,,,,,,,,,,,,,,,,,,,,,,
ma_accretion_dilution,Optimistic,,,,,,,,,,,,,,,,,,,,,,,,,,,,,,,,,,,,,,,,,,0.25,,,,,,,,,,,,,,,,,,,,,,,,,,,,,,,,,,,,,,,,,0.05,,,,,,,,,,,,,,,,,,,,,,,,,,,,,,,,,,,,,,,,,,,,,,,,,,,,,,,,,,,,,,,,,,,,,,,,,,,,,,104.0,,,,,,2.5,100.0,1.2,20.0,400.0,240.0,160.0,45.0,4.0,250.0,24.0,33.75,9.0,298.75,2.8725961538461537,0.14903846153846145,0.0,,,,,,,,,,,,,,,,,
ma_accretion_dilution,Base,,,,,,,,,,,,,,,,,,,,,,,,,,,,,,,,,,,,,,,,,,0.25,,,,,,,,,,,,,,,,,,,,,,,,,,,,,,,,,,,,,,,,,0.06,,,,,,,,,,,,,,,,,,,,,,,,,,,,,,,,,,,,,,,,,,,,,,,,,,,,,,,,,,,,,,,,,,,,,,,,,,,,,,104.0,,,,,,2.5,100.0,1.2,20.0,400.0,240.0,160.0,25.0,4.0,250.0,24.0,18.75,10.799999999999999,281.95,2.7110576923076923,0.08442307692307693,0.0,,,,,,,,,,,,,,,,,
ma_accretion_dilution,Pessimistic,,,,,,,,,,,,,,,,,,,,,,,,,,,,,,,,,,,,,,,,,,0.25,,,,,,,,,,,,,,,,,,,,,,,,,,,,,,,,,,,,,,,,,0.075,,,,,,,,,,,,,,,,,,,,,,,,,,,,,,,,,,,,,,,,,,,,,,,,,,,,,,,,,,,,,,,,,,,,,,,,,,,,,,104.5,,,,,,2.5,100.0,1.0,20.0,450.0,270.0,180.0,10.0,4.5,250.0,20.0,7.5,15.1875,262.3125,2.5101674641148324,0.004066985645932997,0.0,,,,,,,,,,,,,,,,,
ma_accretion_dilution,Stress,,,,,,,,,,,,,,,,,,,,,,,,,,,,,,,,,,,,,,,,,,0.25,,,,,,,,,,,,,,,,,,,,,,,,,,,,,,,,,,,,,,,,,0.1,,,,,,,,,,,,,,,,,,,,,,,,,,,,,,,,,,,,,,,,,,,,,,,,,,,,,,,,,,,,,,,,,,,,,,,,,,,,,,105.0,,,,,,2.5,100.0,0.7,20.0,500.0,300.0,200.0,0.0,5.0,250.0,14.0,0.0,22.5,241.5,2.3,-0.08000000000000007,0.0,,,,,,,,,,,,,,,,,
compound_interest,Optimistic,,,,,,,,,,,,,,,,,,,,,,,,,,,,,,,,,,,,,,,,,,,,,,,,,,,,,,,,,,,,,,,,,,,,,,,,,,,,,,,,,,,,,,,,,,,,,,,,,,,,,,,,,,,,,,,,,,,,,,,,,,,,,,,,,,,,,,,,,,,,,,,,,,,,,,,,,,,,,,,,,,,,,,,,,,,,,,,,,,,,,,,,10000.0,0.1,20.0,12.0,2000.0,199842.20899749035,73280.73633249679,126561.47266499358,50000.0,149842.20899749035,0.10471306744129683,,,,,,
compound_interest,Base,,,,,,,,,,,,,,,,,,,,,,,,,,,,,,,,,,,,,,,,,,,,,,,,,,,,,,,,,,,,,,,,,,,,,,,,,,,,,,,,,,,,,,,,,,,,,,,,,,,,,,,,,,,,,,,,,,,,,,,,,,,,,,,,,,,,,,,,,,,,,,,,,,,,,,,,,,,,,,,,,,,,,,,,,,,,,,,,,,,,,,,,10000.0,0.07,20.0,12.0,2000.0,127208.49846074145,40387.38848982186,86821.1099709196,50000.0,77208.49846074145,0.0722900808562359,,,,,,
compound_interest,Pessimistic,,,,,,,,,,,,,,,,,,,,,,,,,,,,,,,,,,,,,,,,,,,,,,,,,,,,,,,,,,,,,,,,,,,,,,,,,,,,,,,,,,,,,,,,,,,,,,,,,,,,,,,,,,,,,,,,,,,,,,,,,,,,,,,,,,,,,,,,,,,,,,,,,,,,,,,,,,,,,,,,,,,,,,,,,,,,,,,,,,,,,,,,10000.0,0.04,20.0,12.0,2000.0,83354.92521798583,22225.820869664305,61129.104348321525,50000.0,33354.92521798583,0.040741542919790596,,,,,,
compound_interest,Stress,,,,,,,,,,,,,,,,,,,,,,,,,,,,,,,,,,,,,,,,,,,,,,,,,,,,,,,,,,,,,,,,,,,,,,,,,,,,,,,,,,,,,,,,,,,,,,,,,,,,,,,,,,,,,,,,,,,,,,,,,,,,,,,,,,,,,,,,,,,,,,,,,,,,,,,,,,,,,,,,,,,,,,,,,,,,,,,,,,,,,,,,10000.0,0.0,20.0,12.0,2000.0,50000.0,10000.0,40000.0,50000.0,0.0,0.0,,,,,,
fisher_effect,Optimistic,,,,,,,,,,,,,,,,,,,,,,,,,,,,,,,,,,,,,,,,,,,,,,,,,,,,,,,,,,,,,,,,,,,,,,,,,,,,,,,,,,,,,,,,,,,,,,,,,,,,,,,,,,,,,,,,,,,,,,,,,,,,,,,,,,,,,,,,,,,,,,,,,,,,,,,,,,,,,,,,,,,,,,,,,,,,,,,,,,,,,,,,,,,,,,,,,,,0.07,0.02,0.0490196078431373,0.05,0.0009803921568627,1.0490196078431373
fisher_effect,Base,,,,,,,,,,,,,,,,,,,,,,,,,,,,,,,,,,,,,,,,,,,,,,,,,,,,,,,,,,,,,,,,,,,,,,,,,,,,,,,,,,,,,,,,,,,,,,,,,,,,,,,,,,,,,,,,,,,,,,,,,,,,,,,,,,,,,,,,,,,,,,,,,,,,,,,,,,,,,,,,,,,,,,,,,,,,,,,,,,,,,,,,,,,,,,,,,,,0.06,0.03,0.029126213592232997,0.03,0.0008737864077670021,1.029126213592233
fisher_effect,Pessimistic,,,,,,,,,,,,,,,,,,,,,,,,,,,,,,,,,,,,,,,,,,,,,,,,,,,,,,,,,,,,,,,,,,,,,,,,,,,,,,,,,,,,,,,,,,,,,,,,,,,,,,,,,,,,,,,,,,,,,,,,,,,,,,,,,,,,,,,,,,,,,,,,,,,,,,,,,,,,,,,,,,,,,,,,,,,,,,,,,,,,,,,,,,,,,,,,,,,0.06,0.05,0.00952380952380949,0.009999999999999995,0.00047619047619050503,1.0095238095238095
fisher_effect,Stress,,,,,,,,,,,,,,,,,,,,,,,,,,,,,,,,,,,,,,,,,,,,,,,,,,,,,,,,,,,,,,,,,,,,,,,,,,,,,,,,,,,,,,,,,,,,,,,,,,,,,,,,,,,,,,,,,,,,,,,,,,,,,,,,,,,,,,,,,,,,,,,,,,,,,,,,,,,,,,,,,,,,,,,,,,,,,,,,,,,,,,,,,,,,,,,,,,,0.07,0.09,-0.01834862385321101,-0.01999999999999999,-0.0016513761467889798,0.981651376146789
